"","Player","Pos","Age","Tm","G","GS","MP","FG","FGA","FG%","3P","3PA","3P%","2P","2PA","2P%","eFG%","FT","FTA","FT%","ORB","DRB","TRB","AST","STL","BLK","TOV","PF","PTS","Yr","PER","TS%","3PAr","FTr","ORB%","DRB%","TRB%","AST%","STL%","BLK%","TOV%","USG%","OWS","DWS","WS","WS/48","OBPM","DBPM","BPM","VORP"
"1","Mahmoud Abdul-Rauf","PG","25","DEN","3","2","76","12","33",".364","2","12",".167","10","21",".476",".394","14","14","1.000","2","3","5","5","2","0","8","8","40",1995,"10.2",".511",".364",".424","3.0","5.1","4.0","12.3","1.4","0.0","17.0","27.8","0.0","0.0","-0.1","-0.048","-1.1","-3.8","-4.9","-0.1"
"2","Michael Adams","PG","32","CHH","1","0","11","2","5",".400","0","2",".000","2","3",".667",".400","0","0","0","0","1","1","2","0","0","0","0","4",1995,"12.6",".400",".400",".000","0.0","12.6","5.9","39.7","0.0","0.0","0.0","21.7","0.0","0.0","0.0",".044","-0.5","-2.3","-2.8","0.0"
"3","Danny Ainge","SG","35","PHO","10","0","137","19","38",".500","12","26",".462","7","12",".583",".658","10","11",".909","2","8","10","10","5","0","6","15","60",1995,"15.5",".700",".684",".289","1.7","6.6","4.2","10.9","1.9","0.0","12.3","16.0","0.4","0.1","0.4",".152","2.9","-0.1","2.9","0.2"
"4","Greg Anderson","PF","30","ATL","3","0","39","1","5",".200","0","0","0","1","5",".200",".200","3","4",".750","1","12","13","2","2","2","0","9","5",1995,"10.5",".370",".000",".800","2.8","36.6","18.8","8.7","2.8","4.1","0.0","8.1","0.0","0.1","0.1",".106","-4.4","4.4","0.0","0.0"
"5","Nick Anderson","SG","27","ORL","21","21","814","107","239",".448","41","107",".383","66","132",".500",".533","43","63",".683","21","79","100","65","33","10","30","49","298",1995,"14.2",".559",".448",".264","3.1","11.4","7.3","12.5","2.2","0.9","10.1","16.8","1.1","0.6","1.7",".101","1.9","0.4","2.3","0.9"
"6","Willie Anderson","SG","28","SAS","11","0","97","9","20",".450","0","1",".000","9","19",".474",".450","2","3",".667","5","7","12","10","5","0","8","12","20",1995,"7.2",".469",".050",".150","6.0","8.0","7.0","16.2","2.8","0.0","27.3","13.7","-0.1","0.2","0.1",".029","-4.3","1.5","-2.8","0.0"
"7","Greg Anthony","PG","27","NYK","11","0","135","15","38",".395","7","23",".304","8","15",".533",".487","10","11",".909","2","8","10","15","2","2","6","27","47",1995,"9.9",".549",".605",".289","2.0","7.6","4.9","19.2","0.8","1.3","12.3","17.8","0.2","0.2","0.4",".126","-2.3","-0.4","-2.7","0.0"
"8","B.J. Armstrong","PG","27","CHI","10","10","288","36","79",".456","13","29",".448","23","50",".460",".538","18","22",".818","4","14","18","27","6","0","6","21","103",1995,"13.0",".581",".367",".278","1.8","5.8","3.8","14.7","1.1","0.0","6.3","15.2","0.6","0.1","0.8",".126","1.4","0.0","1.4","0.2"
"9","Vincent Askew","SG","28","SEA","4","0","93","12","29",".414","4","5",".800","8","24",".333",".483","2","3",".667","11","4","15","8","3","0","3","14","30",1995,"12.2",".495",".172",".103","14.5","5.4","10.0","14.0","1.8","0.0","9.0","16.3","0.1","0.1","0.2",".114","0.6","-0.9","-0.3","0.0"
"10","Stacey Augmon","SG","26","ATL","3","1","52","6","14",".429","0","0","0","6","14",".429",".429","9","12",".750","3","4","7","5","3","0","2","8","21",1995,"16.7",".545",".000",".857","6.2","9.2","7.6","19.1","3.2","0.0","9.4","19.2","0.1","0.0","0.1",".129","0.5","1.9","2.4","0.1"
"11","Anthony Avent","PF","25","ORL","7","0","40","3","7",".429","0","1",".000","3","6",".500",".429","3","4",".750","4","4","8","0","0","1","2","11","9",1995,"4.8",".514",".143",".571","11.9","11.7","11.8","0.0","0.0","1.9","18.6","12.4","0.0","0.0","0.0",".025","-6.8","-1.4","-8.2","-0.1"
"12","Charles Barkley*","PF","31","PHO","10","10","390","91","182",".500","9","35",".257","82","147",".558",".525","66","90",".733","39","95","134","32","13","11","25","28","257",1995,"26.6",".580",".192",".495","11.9","27.5","19.9","14.3","1.7","2.2","10.1","28.3","1.2","0.5","1.7",".206","6.1","0.1","6.2","0.8"
"13","John Battle","SG","32","CLE","2","0","7","2","3",".667","0","1",".000","2","2","1.000",".667","0","0","0","0","0","0","1","0","0","0","1","4",1995,"21.9",".667",".333",".000","0.0","0.0","0.0","50.7","0.0","0.0","0.0","21.7","0.0","0.0","0.0",".208","4.7","0.4","5.1","0.0"
"14","David Benoit","SF","26","UTA","5","5","167","21","45",".467","11","25",".440","10","20",".500",".589","6","9",".667","7","21","28","4","2","4","10","10","59",1995,"11.3",".603",".556",".200","5.3","18.6","11.5","3.8","0.6","2.3","17.0","16.5","0.0","-0.1","0.0","-0.004","1.3","-1.3","0.0","0.1"
"15","Mookie Blaylock","PG","27","ATL","3","3","121","18","49",".367","11","28",".393","7","21",".333",".480","7","11",".636","7","6","13","17","4","0","9","6","54",1995,"14.8",".501",".571",".224","6.2","5.9","6.1","29.9","1.8","0.0","14.3","24.4","0.0","0.0","0.1",".026","4.5","-1.7","2.8","0.1"
"16","Corie Blount","PF","26","CHI","8","0","20","0","3",".000","0","1",".000","0","2",".000",".000","0","0","0","1","4","5","0","0","0","1","5","0",1995,"-7.2",".000",".333",".000","6.3","23.8","15.3","0.0","0.0","0.0","25.0","9.3","-0.1","0.0","-0.1","-0.154","-13.7","-3.3","-17.1","-0.1"
"17","Muggsy Bogues","PG","30","CHH","4","4","145","14","45",".311","1","3",".333","13","42",".310",".322","5","5","1.000","3","3","6","25","4","0","9","8","34",1995,"6.1",".360",".067",".111","2.6","2.9","2.7","31.7","1.6","0.0","16.0","18.5","-0.2","0.1","-0.1","-0.049","-3.0","-2.7","-5.7","-0.1"
"18","Anthony Bonner","PF","26","NYK","6","0","38","6","11",".545","0","1",".000","6","10",".600",".545","3","6",".500","4","4","8","2","1","1","3","6","15",1995,"13.5",".550",".091",".545","14.5","13.6","14.0","9.9","1.5","2.3","18.0","21.6","0.0","0.1","0.1",".097","-1.1","1.7","0.6","0.0"
"19","Anthony Bowie","SG","31","ORL","17","0","118","21","42",".500","5","7",".714","16","35",".457",".560","8","9",".889","4","8","12","18","1","1","8","23","55",1995,"14.7",".598",".167",".214","4.0","8.0","6.0","25.7","0.5","0.7","14.8","21.1","0.3","0.0","0.3",".115","0.1","-0.1","0.0","0.1"
"20","Sam Bowie","C","33","LAL","10","0","135","8","30",".267","0","0","0","8","30",".267",".267","5","5","1.000","13","20","33","3","1","9","6","25","21",1995,"5.0",".326",".000",".167","10.9","17.7","14.2","3.7","0.4","4.9","15.7","13.2","-0.2","0.2","0.0","-0.009","-6.7","-0.3","-7.0","-0.2"
"21","Chucky Brown","SF","26","HOU","21","1","326","34","76",".447","1","2",".500","33","74",".446",".454","25","37",".676","20","45","65","7","9","2","12","46","94",1995,"9.2",".509",".026",".487","7.3","15.9","11.7","3.1","1.4","0.5","11.5","14.9","0.1","0.3","0.3",".047","-3.7","-1.1","-4.8","-0.2"
"22","Dee Brown","SG","26","BOS","4","4","172","26","62",".419","9","26",".346","17","36",".472",".492","14","16",".875","6","14","20","19","5","1","7","13","75",1995,"15.7",".543",".419",".258","3.8","9.3","6.5","21.6","1.6","0.4","9.2","19.9","0.3","0.1","0.5",".129","3.0","1.4","4.4","0.3"
"23","Mark Bryant","PF","29","POR","2","0","6","1","2",".500","0","0","0","1","2",".500",".500","0","2",".000","1","1","2","0","0","0","0","1","2",1995,"7.6",".347",".000","1.000","18.6","22.9","20.5","0.0","0.0","0.0","0.0","22.0","0.0","0.0","0.0","-0.162","-4.4","-6.6","-11.0","0.0"
"24","Jud Buechler","SF","26","CHI","10","0","104","9","21",".429","0","2",".000","9","19",".474",".429","2","4",".500","11","9","20","5","4","3","3","15","20",1995,"9.8",".439",".095",".190","13.4","10.3","11.8","7.1","2.1","2.4","11.6","11.5","0.0","0.1","0.2",".070","-2.0","0.8","-1.2","0.0"
"25","Michael Cage","C","33","CLE","4","0","81","8","18",".444","0","1",".000","8","17",".471",".444","0","2",".000","8","10","18","3","2","4","1","9","16",1995,"11.4",".424",".056",".111","12.6","19.6","15.7","7.9","1.4","4.9","5.0","12.4","0.0","0.1","0.1",".077","-1.6","0.4","-1.2","0.0"
"26","Elden Campbell","PF","26","LAL","10","10","376","64","132",".485","0","0","0","64","132",".485",".485","29","44",".659","26","47","73","16","4","30","15","44","157",1995,"15.8",".519",".000",".333","7.8","14.9","11.3","8.6","0.6","5.9","9.0","20.7","0.2","0.6","0.8",".105","0.3","1.8","2.1","0.4"
"27","Tony Campbell","SF","32","CLE","4","0","37","6","14",".429","1","2",".500","5","12",".417",".464","10","12",".833","1","1","2","1","1","1","3","3","23",1995,"17.8",".596",".143",".857","3.5","4.3","3.8","6.7","1.5","2.7","13.5","30.5","0.0","0.0","0.1",".105","2.9","-0.3","2.7","0.0"
"28","Antoine Carr","C","33","UTA","5","0","114","14","31",".452","0","0","0","14","31",".452",".452","20","24",".833","3","12","15","7","3","5","4","26","48",1995,"14.1",".577",".000",".774","3.3","15.6","9.0","9.7","1.4","4.2","8.8","18.6","0.2","0.0","0.2",".095","-1.8","1.3","-0.4","0.0"
"29","Sam Cassell","PG","25","HOU","22","0","485","74","169",".438","24","60",".400","50","109",".459",".509","71","85",".835","8","34","42","89","21","2","33","66","243",1995,"17.8",".589",".355",".503","2.0","8.1","5.1","28.5","2.3","0.3","13.8","22.9","1.1","0.3","1.4",".138","1.3","0.3","1.6","0.4"
"30","Cedric Ceballos","SF","25","LAL","10","10","340","48","126",".381","18","50",".360","30","76",".395",".452","28","38",".737","11","50","61","18","12","7","21","21","142",1995,"12.8",".497",".397",".302","3.7","17.6","10.4","10.1","1.9","1.5","12.8","22.5","-0.2","0.6","0.4",".056","0.7","-0.3","0.4","0.2"
"31","Tom Chambers","PF","35","UTA","5","0","60","11","22",".500","1","3",".333","10","19",".526",".523","9","13",".692","3","10","13","2","2","0","3","18","32",1995,"14.6",".577",".136",".591","6.3","24.7","14.8","5.8","1.8","0.0","9.8","23.9","0.1","0.0","0.1",".068","-4.0","0.1","-3.9","0.0"
"32","Pete Chilcutt","PF","26","HOU","20","15","323","31","64",".484","14","36",".389","17","28",".607",".594","14","17",".824","15","43","58","18","7","4","11","39","90",1995,"11.4",".630",".563",".266","5.5","15.3","10.5","8.0","1.1","0.9","13.3","11.9","0.5","0.2","0.7",".101","-0.2","0.4","0.3","0.2"
"33","Doug Christie","SG","24","NYK","2","0","6","0","4",".000","0","0","0","0","4",".000",".000","0","0","0","0","0","0","0","0","0","1","3","0",1995,"-43.7",".000",".000",".000","0.0","0.0","0.0","0.0","0.0","0.0","20.0","41.0","-0.1","0.0","-0.1","-0.962","-41.0","-13.9","-54.9","-0.1"
"34","Steve Colter","PG","32","CLE","4","0","43","5","10",".500","0","1",".000","5","9",".556",".500","2","4",".500","1","0","1","2","1","0","0","2","12",1995,"9.9",".510",".100",".400","3.0","0.0","1.6","10.3","1.3","0.0","0.0","13.8","0.0","0.0","0.1",".072","-0.9","-0.7","-1.5","0.0"
"35","Tyrone Corbin","SF","32","ATL","3","2","79","12","26",".462","2","6",".333","10","20",".500",".500","8","9",".889","6","4","10","2","2","1","2","10","34",1995,"15.5",".567",".231",".346","8.2","6.0","7.1","5.4","1.4","1.0","6.3","19.0","0.2","0.0","0.2",".113","1.1","0.2","1.4","0.1"
"36","John Crotty","PG","25","UTA","3","0","24","2","3",".667","0","0","0","2","3",".667",".667","3","5",".600","0","0","0","6","1","0","0","2","7",1995,"18.6",".673",".000","1.667","0.0","0.0","0.0","37.0","2.2","0.0","0.0","10.1","0.1","0.0","0.1",".193","3.6","0.2","3.8","0.0"
"37","Terry Cummings","PF","33","SAS","15","2","135","18","48",".375","0","1",".000","18","47",".383",".375","22","30",".733","12","19","31","4","5","1","7","25","58",1995,"12.2",".474",".021",".625","10.4","15.6","13.1","5.0","2.0","0.6","10.3","22.9","0.0","0.3","0.3",".102","-4.4","0.4","-4.0","-0.1"
"38","Dell Curry","SG","30","CHH","4","0","107","16","34",".471","9","21",".429","7","13",".538",".603","10","11",".909","5","4","9","6","0","0","6","11","51",1995,"14.3",".657",".618",".324","5.8","5.2","5.5","11.4","0.0","0.0","13.4","20.0","0.3","0.0","0.3",".127","4.0","-1.3","2.7","0.1"
"39","Antonio Davis","PF","26","IND","17","0","367","32","71",".451","0","0","0","32","71",".451",".451","37","59",".627","38","59","97","7","9","11","23","61","101",1995,"10.6",".521",".000",".831","13.0","20.1","16.6","3.1","1.4","2.8","19.2","15.2","0.0","0.5","0.5",".069","-2.7","0.5","-2.2","0.0"
"40","Dale Davis","PF","25","IND","17","17","490","56","105",".533","0","0","0","56","105",".533",".533","23","47",".489","53","83","136","6","7","14","22","56","135",1995,"12.2",".537",".000",".448","13.6","21.2","17.4","2.1","0.8","2.6","14.9","14.0","0.3","0.6","0.8",".083","-0.6","-0.5","-1.1","0.1"
"41","Hubert Davis","SG","24","NYK","11","0","184","17","48",".354","10","27",".370","7","21",".333",".458","2","2","1.000","0","7","7","9","1","5","9","20","46",1995,"3.8",".471",".563",".042","0.0","4.9","2.5","8.2","0.3","2.3","15.5","15.5","-0.2","0.2","0.0",".005","-3.3","-1.9","-5.2","-0.1"
"42","Vinny Del Negro","SG","28","SAS","15","15","382","51","118",".432","9","20",".450","42","98",".429",".470","20","24",".833","4","28","32","37","8","2","16","23","131",1995,"10.8",".509",".169",".203","1.2","8.1","4.8","16.3","1.1","0.4","11.1","17.1","0.2","0.5","0.7",".088","-0.8","0.6","-0.1","0.2"
"43","Bison Dele","C","25","DEN","3","0","44","10","18",".556","0","0","0","10","18",".556",".556","4","4","1.000","5","13","18","2","0","1","10","15","24",1995,"10.0",".607",".000",".222","13.0","38.0","24.8","9.7","0.0","1.8","33.6","30.3","-0.1","0.0","-0.1","-0.124","-8.7","-1.2","-9.9","-0.1"
"44","Vlade Divac*","C","26","LAL","10","10","388","57","122",".467","2","9",".222","55","113",".487",".475","40","62",".645","34","51","85","31","8","13","28","44","156",1995,"14.7",".523",".074",".508","9.9","15.7","12.7","15.5","1.1","2.5","15.8","21.4","0.1","0.6","0.7",".084","0.1","0.3","0.4","0.2"
"45","James Donaldson","C","37","UTA","5","5","76","5","6",".833","0","0","0","5","6",".833",".833","4","4","1.000","3","6","9","0","0","3","2","8","14",1995,"8.5",".902",".000",".667","5.0","11.7","8.1","0.0","0.0","3.8","20.5","6.0","0.1","0.0","0.1",".052","-0.8","0.3","-0.5","0.0"
"46","Sherman Douglas","PG","28","BOS","4","4","168","24","68",".353","4","12",".333","20","56",".357",".382","8","11",".727","4","16","20","33","4","1","17","12","60",1995,"9.0",".412",".176",".162","2.6","10.9","6.7","37.9","1.3","0.5","18.9","24.0","-0.3","0.1","-0.2","-0.047","-1.1","-1.5","-2.6","0.0"
"47","Greg Dreiling","C","32","CLE","1","0","7","0","2",".000","0","0","0","0","2",".000",".000","0","0","0","0","1","1","0","0","0","0","2","0",1995,"-13.6",".000",".000",".000","0.0","22.7","10.1","0.0","0.0","0.0","0.0","14.5","-0.1","0.0","0.0","-0.312","-17.4","-5.5","-22.9","0.0"
"48","Clyde Drexler*","SG","32","HOU","22","22","849","155","322",".481","30","99",".303","125","223",".561",".528","110","140",".786","45","109","154","111","33","15","45","68","450",1995,"21.1",".587",".307",".435","6.3","14.8","10.6","21.3","2.0","1.3","10.5","23.5","2.2","0.8","3.0",".167","4.1","0.9","5.1","1.5"
"49","Chris Dudley","C","29","POR","3","3","59","2","3",".667","0","0","0","2","3",".667",".667","3","8",".375","6","9","15","1","0","1","3","8","7",1995,"5.5",".537",".000","2.667","11.4","20.9","15.6","2.2","0.0","1.4","31.5","7.4","0.0","-0.1","-0.1","-0.057","-4.5","-1.3","-5.8","-0.1"
"50","Richard Dumas","SF","25","PHO","3","0","5","1","4",".250","0","0","0","1","4",".250",".250","0","0","0","1","0","1","0","0","0","1","0","2",1995,"-8.7",".250",".000",".000","23.8","0.0","11.6","0.0","0.0","0.0","20.0","44.8","-0.1","0.0","-0.1","-0.557","-15.5","-15.4","-30.9","0.0"
"51","Acie Earl","C","24","BOS","1","0","10","1","3",".333","0","0","0","1","3",".333",".333","0","2",".000","1","1","2","0","0","1","0","4","2",1995,"-0.2",".258",".000",".667","11.0","11.4","11.2","0.0","0.0","7.6","0.0","17.4","0.0","0.0","0.0","-0.106","-11.2","-2.1","-13.3","0.0"
"52","Blue Edwards","SF","29","UTA","4","0","33","4","12",".333","1","1","1.000","3","11",".273",".375","0","0","0","1","5","6","3","2","0","3","3","9",1995,"5.9",".375",".083",".000","3.8","22.4","12.4","14.3","3.2","0.0","20.0","21.2","-0.1","0.0","-0.1","-0.153","-5.6","-1.6","-7.2","0.0"
"53","James Edwards","C","39","POR","1","0","4","0","1",".000","0","0","0","0","1",".000",".000","0","0","0","0","0","0","0","0","0","0","0","0",1995,"-9.3",".000",".000",".000","0.0","0.0","0.0","0.0","0.0","0.0","0.0","11.4","0.0","0.0","0.0","-0.354","-10.7","-7.7","-18.4","0.0"
"54","Craig Ehlo","SG","33","ATL","3","0","49","2","12",".167","1","6",".167","1","6",".167",".208","4","4","1.000","0","7","7","3","2","0","4","0","9",1995,"2.8",".327",".500",".333","0.0","17.0","8.1","10.6","2.2","0.0","22.5","17.0","-0.2","0.0","-0.1","-0.139","-5.9","-1.1","-7.0","-0.1"
"55","Mario Elie","SF","31","HOU","22","6","635","69","137",".504","28","65",".431","41","72",".569",".606","35","44",".795","19","43","62","54","21","1","21","55","201",1995,"12.8",".643",".474",".321","3.6","7.8","5.7","12.4","1.7","0.1","11.8","13.0","1.2","0.3","1.5",".111","0.3","0.4","0.7","0.4"
"56","Sean Elliott","SF","26","SAS","15","15","574","87","200",".435","20","55",".364","67","145",".462",".485","66","85",".776","23","49","72","40","10","7","27","38","260",1995,"14.5",".548",".275",".425","4.7","9.5","7.1","12.1","0.9","1.0","10.2","20.9","0.8","0.8","1.6",".135","1.9","0.5","2.5","0.6"
"57","Dale Ellis","SF","34","DEN","3","0","73","10","28",".357","4","13",".308","6","15",".400",".429","12","13",".923","6","8","14","3","2","1","2","6","36",1995,"17.3",".534",".464",".464","9.4","14.1","11.6","7.4","1.4","1.1","5.6","21.9","0.2","0.0","0.2",".110","5.0","-1.2","3.8","0.1"
"58","Pervis Ellison","C","27","BOS","4","0","68","11","19",".579","0","0","0","11","19",".579",".579","2","2","1.000","11","6","17","2","2","5","4","17","24",1995,"16.4",".604",".000",".105","17.8","10.1","14.0","5.9","1.6","5.6","16.8","15.8","0.1","0.1","0.2",".118","-2.2","2.7","0.5","0.0"
"59","Patrick Ewing*","C","32","NYK","11","11","399","80","156",".513","1","3",".333","79","153",".516",".516","48","70",".686","17","89","106","27","6","25","30","51","209",1995,"18.9",".559",".019",".449","5.9","28.8","17.7","13.8","0.8","5.4","13.8","26.8","0.3","1.0","1.3",".151","0.3","2.0","2.3","0.4"
"60","Duane Ferrell","SF","29","IND","10","0","85","8","24",".333","1","2",".500","7","22",".318",".354","10","16",".625","8","3","11","13","0","2","10","10","27",1995,"7.4",".435",".083",".667","11.8","4.4","8.1","25.1","0.0","2.2","24.4","22.4","-0.1","0.0","-0.1","-0.053","-2.4","-1.5","-3.9","0.0"
"61","Danny Ferry","PF","28","CLE","4","0","67","13","25",".520","8","15",".533","5","10",".500",".680","4","6",".667","0","3","3","6","2","0","0","9","38",1995,"21.8",".687",".600",".240","0.0","7.1","3.2","24.0","1.7","0.0","0.0","20.9","0.3","0.1","0.3",".240","8.4","1.7","10.1","0.2"
"62","Vern Fleming","PG","32","IND","3","0","8","1","3",".333","0","1",".000","1","2",".500",".333","0","3",".000","1","1","2","2","0","0","0","0","2",1995,"8.9",".231",".333","1.000","15.7","15.6","15.7","43.3","0.0","0.0","0.0","25.1","0.0","0.0","0.0","-0.132","-0.6","-4.1","-4.7","0.0"
"63","Kenny Gattison","PF","30","CHH","4","0","58","5","8",".625","0","0","0","5","8",".625",".625","5","8",".625","5","7","12","2","2","0","5","16","15",1995,"7.6",".651",".000","1.000","10.7","16.7","13.5","6.2","2.0","0.0","30.3","13.6","0.0","0.1","0.1",".057","-6.8","1.4","-5.5","-0.1"
"64","Kendall Gill","SG","26","SEA","4","0","72","9","25",".360","2","8",".250","7","17",".412",".400","5","8",".625","1","3","4","10","4","1","4","6","25",1995,"10.5",".438",".320",".320","1.7","5.2","3.4","22.4","3.1","1.4","12.3","20.5","0.0","0.1","0.1",".046","-1.5","1.1","-0.3","0.0"
"65","Greg Grant","PG","28","DEN","3","0","20","0","6",".000","0","1",".000","0","5",".000",".000","2","2","1.000","3","0","3","5","1","0","0","5","2",1995,"6.0",".145",".167",".333","17.1","0.0","9.1","36.0","2.6","0.0","0.0","15.4","0.0","0.0","0.0","-0.073","-3.2","-1.8","-5.0","0.0"
"66","Harvey Grant","PF","29","POR","3","3","115","14","28",".500","5","9",".556","9","19",".474",".589","10","16",".625","3","13","16","6","3","2","4","6","43",1995,"14.6",".614",".321",".571","2.9","15.5","8.6","7.7","1.4","1.5","10.2","15.5","0.2","-0.1","0.1",".032","1.7","0.7","2.5","0.1"
"67","Horace Grant","PF","29","ORL","21","21","869","121","224",".540","0","2",".000","121","222",".545",".540","45","59",".763","74","145","219","39","21","24","26","68","287",1995,"16.1",".574",".009",".263","10.1","19.6","14.9","7.1","1.3","2.1","9.4","14.6","1.6","0.9","2.4",".134","1.8","0.1","1.9","0.9"
"68","A.C. Green","SF","31","PHO","10","10","368","36","78",".462","1","12",".083","35","66",".530",".468","55","63",".873","38","82","120","13","6","2","10","22","128",1995,"17.4",".605",".154",".808","12.3","25.1","18.9","5.0","0.8","0.4","8.6","14.1","1.1","0.3","1.3",".172","2.9","-0.7","2.2","0.4"
"69","Jack Haley","PF","31","SAS","4","0","13","1","7",".143","0","0","0","1","7",".143",".143","1","2",".500","2","4","6","0","0","1","1","2","3",1995,"-1.9",".190",".000",".286","18.0","34.1","26.3","0.0","0.0","6.1","11.3","30.9","-0.1","0.0","-0.1","-0.264","-13.7","-6.2","-19.9","-0.1"
"70","Tom Hammonds","PF","27","DEN","3","0","44","9","14",".643","0","0","0","9","14",".643",".643","2","6",".333","3","4","7","1","0","2","4","12","20",1995,"10.3",".601",".000",".429","7.8","11.7","9.6","4.6","0.0","3.5","19.4","21.0","0.0","0.0","0.0","-0.033","-3.8","-1.1","-4.9","0.0"
"71","Darrin Hancock","SF","23","CHH","3","0","18","2","6",".333","0","0","0","2","6",".333",".333","0","0","0","2","2","4","1","1","0","3","5","4",1995,"-1.9",".333",".000",".000","13.8","15.4","14.5","10.5","3.1","0.0","33.3","23.9","-0.1","0.0","-0.1","-0.215","-12.7","-1.1","-13.9","-0.1"
"72","Anfernee Hardaway","PG","23","ORL","21","21","849","144","305",".472","40","99",".404","104","206",".505",".538","84","111",".757","30","49","79","162","40","15","73","70","412",1995,"19.1",".582",".325",".364","4.2","6.8","5.5","31.7","2.5","1.4","17.1","23.2","1.8","0.6","2.4",".133","5.0","0.5","5.5","1.6"
"73","Derek Harper","PG","33","NYK","11","11","388","56","109",".514","27","47",".574","29","62",".468",".638","18","24",".750","5","33","38","62","11","1","26","29","157",1995,"16.6",".657",".431",".220","1.8","11.0","6.5","29.3","1.6","0.2","17.9","18.5","0.8","0.6","1.4",".178","3.4","1.2","4.6","0.6"
"74","Ron Harper","SG","31","CHI","6","0","40","6","14",".429","0","2",".000","6","12",".500",".429","0","0","0","2","4","6","4","3","1","1","6","12",1995,"13.2",".429",".143",".000","6.3","11.9","9.2","16.3","4.1","2.1","6.7","17.4","0.0","0.1","0.1",".084","-3.1","3.3","0.2","0.0"
"75","Antonio Harvey","PF","24","LAL","3","0","4","0","0","0","0","0","0","0","0","0","0","0","0","0","0","1","1","0","0","0","0","0","0",1995,"4.1","0","0","0","0.0","29.9","14.5","0.0","0.0","0.0","0","0.0","0.0","0.0","0.0",".082","-3.2","-0.4","-3.7","0.0"
"76","Hersey Hawkins","SG","28","CHH","4","4","130","13","32",".406","4","13",".308","9","19",".474",".469","15","17",".882","5","16","21","8","6","2","9","13","45",1995,"12.9",".570",".406",".531","4.8","17.1","10.6","11.4","2.6","1.2","18.6","17.8","0.1","0.2","0.3",".095","-0.8","1.8","1.0","0.1"
"77","Carl Herrera","PF","28","HOU","1","0","6","1","1","1.000","0","0","0","1","1","1.000","1.000","0","0","0","0","0","0","1","0","0","0","0","2",1995,"18.8","1.000",".000",".000","0.0","0.0","0.0","26.5","0.0","0.0","0.0","7.7","0.0","0.0","0.0",".221","9.4","3.1","12.5","0.0"
"78","Tyrone Hill","C","26","CLE","4","4","139","9","29",".310","0","1",".000","9","28",".321",".310","16","25",".640","8","15","23","3","7","1","10","18","34",1995,"5.9",".425",".034",".862","7.4","17.1","11.7","4.3","2.8","0.7","20.0","18.2","-0.3","0.2","-0.1","-0.033","-5.7","-0.9","-6.7","-0.2"
"79","Jeff Hornacek","SG","31","UTA","5","5","178","26","51",".510","7","13",".538","19","38",".500",".578","11","14",".786","3","3","6","20","8","1","7","19","70",1995,"14.7",".612",".255",".275","2.1","2.5","2.3","18.4","2.4","0.5","10.9","16.8","0.3","-0.1","0.3",".079","1.8","0.2","2.0","0.2"
"80","Robert Horry","PF","24","HOU","22","22","841","93","209",".445","44","110",".400","49","99",".495",".550","58","78",".744","40","115","155","76","32","26","25","69","288",1995,"16.2",".592",".526",".373","5.7","15.7","10.8","13.2","2.0","2.4","9.3","14.8","1.6","0.9","2.5",".142","2.6","2.1","4.6","1.4"
"81","Byron Houston","PF","25","SEA","1","0","1","0","1",".000","0","0","0","0","1",".000",".000","0","0","0","0","0","0","0","0","0","0","0","0",1995,"-38.5",".000",".000",".000","0.0","0.0","0.0","0.0","0.0","0.0","0.0","45.4","0.0","0.0","0.0","-0.940","-31.8","-18.7","-50.5","0.0"
"82","Mark Jackson","PG","29","IND","17","17","554","59","130",".454","16","40",".400","43","90",".478",".515","34","46",".739","27","62","89","122","15","0","41","34","168",1995,"15.9",".559",".308",".354","6.1","14.0","10.1","36.9","1.5","0.0","21.4","16.0","0.9","0.5","1.4",".118","3.0","0.4","3.4","0.8"
"83","Avery Johnson","PG","29","SAS","15","15","575","91","176",".517","0","1",".000","91","175",".520",".517","36","58",".621","9","23","32","125","20","6","30","29","218",1995,"16.8",".541",".006",".330","1.8","4.4","3.2","38.2","1.9","0.8","13.0","18.2","0.9","0.8","1.8",".149","2.8","1.3","4.1","0.9"
"84","Ervin Johnson","C","27","SEA","4","2","54","4","14",".286","0","0","0","4","14",".286",".286","6","6","1.000","8","13","21","0","1","4","1","16","14",1995,"11.8",".421",".000",".429","18.1","30.0","24.0","0.0","1.0","7.2","5.7","14.8","0.0","0.1","0.2",".149","-5.9","0.6","-5.3","0.0"
"85","Kevin Johnson","PG","28","PHO","10","10","371","86","150",".573","5","10",".500","81","140",".579",".590","71","84",".845","7","34","41","93","9","4","34","25","248",1995,"27.4",".663",".067",".560","2.2","10.3","6.4","43.5","1.3","0.9","15.4","26.7","1.7","0.2","1.9",".246","7.9","0.1","7.9","0.9"
"86","Larry Johnson","PF","25","CHH","4","4","172","31","65",".477","1","9",".111","30","56",".536",".485","20","25",".800","10","13","23","11","4","2","6","7","83",1995,"17.6",".546",".138",".385","7.2","10.5","8.8","13.9","1.3","0.9","7.3","22.8","0.4","0.1","0.5",".136","3.7","-0.3","3.4","0.2"
"87","Charles Jones","PF","37","HOU","19","0","237","5","13",".385","0","1",".000","5","12",".417",".385","4","12",".333","12","32","44","0","4","10","5","55","14",1995,"2.4",".383",".077",".923","6.0","15.5","10.9","0.0","0.9","3.2","21.5","4.6","-0.1","0.2","0.1",".022","-7.1","1.0","-6.2","-0.2"
"88","Eddie Jones","SG","23","LAL","10","0","286","30","80",".375","12","27",".444","18","53",".340",".450","15","21",".714","7","25","32","20","8","9","17","27","87",1995,"9.0",".487",".338",".263","2.8","10.4","6.5","12.5","1.5","2.3","16.0","17.4","-0.2","0.4","0.2",".029","-1.4","0.8","-0.7","0.1"
"89","Michael Jordan*","SG","31","CHI","10","10","420","120","248",".484","11","30",".367","109","218",".500",".506","64","79",".810","20","45","65","45","23","14","41","30","315",1995,"24.8",".557",".121",".319","6.0","12.7","9.5","22.5","3.0","2.8","12.7","35.7","0.7","0.6","1.3",".150","5.8","2.2","8.0","1.0"
"90","Adam Keefe","SF","24","UTA","4","0","69","7","12",".583","0","0","0","7","12",".583",".583","4","6",".667","8","9","17","2","5","1","0","4","18",1995,"18.7",".615",".000",".500","14.7","19.3","16.8","4.4","3.9","1.4","0.0","9.9","0.2","0.0","0.2",".161","4.0","0.4","4.4","0.1"
"91","Shawn Kemp","PF","25","SEA","4","4","160","33","57",".579","1","1","1.000","32","56",".571",".588","32","39",".821","17","31","48","11","8","7","15","17","99",1995,"26.6",".667",".018",".684","13.0","24.2","18.5","12.8","2.7","4.3","16.8","25.3","0.5","0.3","0.9",".260","4.7","2.7","7.4","0.4"
"92","Steve Kerr","PG","29","CHI","10","0","193","19","40",".475","8","19",".421","11","21",".524",".575","5","5","1.000","1","5","6","15","1","0","0","14","51",1995,"9.8",".604",".475",".125","0.7","3.1","1.9","11.7","0.3","0.0","0.0","10.1","0.4","0.0","0.5",".113","0.4","-0.5","-0.2","0.1"
"93","Jerome Kersey","SF","32","POR","3","0","63","16","28",".571","0","2",".000","16","26",".615",".571","6","9",".667","2","6","8","3","3","1","0","11","38",1995,"22.2",".594",".071",".321","3.5","13.1","7.8","8.7","2.5","1.4","0.0","23.2","0.2","0.0","0.2",".123","1.7","1.8","3.5","0.1"
"94","Greg Kite","C","33","IND","8","0","26","1","3",".333","0","0","0","1","3",".333",".333","2","2","1.000","3","4","7","0","1","0","2","9","4",1995,"3.4",".515",".000",".667","14.5","19.3","16.9","0.0","2.1","0.0","34.0","10.5","0.0","0.0","0.0",".037","-9.1","0.5","-8.6","0.0"
"95","Joe Kleine","C","33","PHO","10","10","167","31","54",".574","1","2",".500","30","52",".577",".583","0","0","0","8","23","31","8","5","3","6","35","63",1995,"13.2",".583",".037",".000","5.7","15.5","10.8","7.7","1.5","1.4","10.0","16.1","0.2","0.1","0.3",".099","-1.9","1.2","-0.7","0.1"
"96","Toni Kukoc","SF","26","CHI","10","10","372","53","111",".477","14","32",".438","39","79",".494",".541","18","26",".692","20","48","68","57","10","2","19","23","138",1995,"17.0",".564",".288",".234","6.8","15.3","11.2","24.7","1.5","0.5","13.4","17.6","0.7","0.4","1.1",".141","3.7","0.9","4.6","0.6"
"97","Andrew Lang","C","28","ATL","3","3","101","12","28",".429","0","0","0","12","28",".429",".429","7","9",".778","3","9","12","1","2","2","6","12","31",1995,"6.9",".485",".000",".321","3.2","10.6","6.7","2.0","1.1","1.6","15.8","17.6","-0.1","0.0","-0.1","-0.037","-5.0","-0.8","-5.7","-0.1"
"98","Cliff Levingston","PF","34","DEN","3","0","35","3","6",".500","0","0","0","3","6",".500",".500","1","2",".500","6","3","9","1","3","2","2","4","7",1995,"15.2",".509",".000",".333","19.6","11.0","15.6","4.7","4.5","4.4","22.5","11.3","0.0","0.0","0.0",".053","0.0","1.2","1.2","0.0"
"99","Grant Long","PF","28","ATL","3","3","110","14","28",".500","0","1",".000","14","27",".519",".500","13","18",".722","13","21","34","4","4","1","8","11","41",1995,"16.7",".571",".036",".643","12.7","22.7","17.5","7.4","2.0","0.7","18.2","18.7","0.1","0.1","0.2",".094","0.6","0.5","1.1","0.1"
"100","Luc Longley","C","26","CHI","10","8","204","24","50",".480","0","0","0","24","50",".480",".480","8","10",".800","6","26","32","11","7","5","10","41","56",1995,"8.6",".515",".000",".200","3.7","15.2","9.6","8.4","1.9","2.1","15.5","14.6","0.0","0.3","0.2",".057","-5.0","1.6","-3.4","-0.1"
"101","George Lynch","SF","24","LAL","10","0","136","15","32",".469","1","5",".200","14","27",".519",".484","13","20",".650","13","17","30","7","8","0","9","22","44",1995,"12.7",".539",".156",".625","10.8","14.9","12.8","9.3","3.2","0.0","18.1","17.1","0.0","0.3","0.3",".101","-1.6","1.9","0.3","0.1"
"102","Dan Majerle","SF","29","PHO","10","0","307","27","73",".370","16","44",".364","11","29",".379",".479","12","17",".706","8","23","31","17","14","3","9","24","82",1995,"9.7",".509",".603",".233","3.1","8.5","5.9","7.7","2.4","0.8","10.1","13.0","0.2","0.2","0.4",".058","-0.2","0.1","-0.1","0.1"
"103","Karl Malone*","PF","31","UTA","5","5","216","48","103",".466","1","3",".333","47","100",".470",".471","54","78",".692","15","51","66","19","7","2","14","18","151",1995,"24.6",".550",".029",".757","8.8","35.0","20.9","16.4","1.7","0.9","9.3","32.7","0.5","0.0","0.5",".116","5.1","-0.3","4.7","0.4"
"104","Anthony Mason","PF","28","NYK","11","0","352","31","51",".608","0","1",".000","31","50",".620",".608","43","69",".623","23","45","68","24","6","6","26","28","105",1995,"12.7",".645",".020","1.353","9.0","16.5","12.9","11.3","0.9","1.5","24.2","15.0","0.3","0.6","1.0",".132","0.2","0.8","1.0","0.3"
"105","Vernon Maxwell","SG","29","HOU","1","0","16","1","7",".143","0","2",".000","1","5",".200",".143","1","1","1.000","0","3","3","1","0","0","1","1","3",1995,"-5.3",".202",".286",".143","0.0","21.6","11.0","8.5","0.0","0.0","11.8","24.5","-0.1","0.0","-0.1","-0.326","-13.3","-7.0","-20.3","-0.1"
"106","Xavier McDaniel","SF","31","BOS","4","0","59","5","17",".294","0","1",".000","5","16",".313",".294","3","4",".750","2","4","6","5","0","0","6","5","13",1995,"-0.3",".346",".059",".235","3.7","7.7","5.7","14.7","0.0","0.0","24.2","18.9","-0.2","0.0","-0.2","-0.158","-7.0","-2.8","-9.7","-0.1"
"107","Derrick McKey","SF","28","IND","17","17","592","76","174",".437","11","35",".314","65","139",".468",".468","54","62",".871","29","52","81","64","17","11","36","65","217",1995,"13.8",".539",".201",".356","6.2","11.0","8.6","18.8","1.6","1.7","15.2","18.6","0.7","0.6","1.3",".102","1.3","1.4","2.6","0.7"
"108","Aaron McKie","SG","22","POR","3","0","34","8","14",".571","1","2",".500","7","12",".583",".607","0","0","0","0","2","2","1","3","0","0","4","17",1995,"19.4",".607",".143",".000","0.0","8.1","3.6","5.2","4.6","0.0","0.0","18.8","0.1","0.0","0.1",".082","0.7","2.4","3.1","0.0"
"109","Nate McMillan","PG","30","SEA","4","4","113","8","23",".348","1","8",".125","7","15",".467",".370","2","2","1.000","7","11","18","29","10","2","7","13","19",1995,"15.0",".398",".348",".087","7.6","12.1","9.8","38.1","4.9","1.7","22.7","12.4","0.1","0.2","0.3",".126","0.6","5.4","6.0","0.2"
"110","Anthony Miller","PF","23","LAL","4","0","15","0","2",".000","0","0","0","0","2",".000",".000","0","0","0","2","4","6","1","1","0","1","2","0",1995,"4.6",".000",".000",".000","15.1","31.9","23.3","10.1","3.6","0.0","33.3","9.4","-0.1","0.0","0.0","-0.031","-5.7","0.1","-5.7","0.0"
"111","Reggie Miller*","SG","29","IND","17","17","641","138","290",".476","54","128",".422","84","162",".519",".569","104","121",".860","9","52","61","36","15","4","39","35","434",1995,"21.8",".632",".441",".417","1.8","10.2","6.0","11.5","1.3","0.6","10.2","27.7","2.2","0.5","2.6",".197","6.9","0.1","6.9","1.4"
"112","Chris Mills","SF","25","CLE","4","4","139","20","37",".541","8","14",".571","12","23",".522",".649","5","5","1.000","2","14","16","11","3","2","6","18","53",1995,"14.8",".676",".378",".135","1.8","16.0","8.2","18.7","1.2","1.4","13.3","16.5","0.2","0.2","0.4",".140","1.9","1.9","3.8","0.2"
"113","Greg Minor","SG","23","BOS","4","0","37","5","13",".385","0","0","0","5","13",".385",".385","1","1","1.000","1","0","1","2","1","1","1","3","11",1995,"6.9",".409",".000",".077","3.0","0.0","1.5","10.3","1.5","2.1","6.9","17.5","0.0","0.0","0.0","-0.016","-1.5","-1.1","-2.6","0.0"
"114","Sam Mitchell","SF","31","IND","17","0","223","23","64",".359","0","2",".000","23","62",".371",".359","22","28",".786","17","31","48","6","3","1","14","41","68",1995,"6.5",".445",".031",".438","9.6","17.4","13.5","4.5","0.7","0.4","15.5","18.8","-0.2","0.2","0.0",".004","-4.8","-1.2","-6.0","-0.2"
"115","Eric Montross","C","23","BOS","4","4","62","5","11",".455","0","0","0","5","11",".455",".455","3","6",".500","7","2","9","0","0","0","8","13","13",1995,"-1.2",".477",".000",".545","12.5","3.7","8.1","0.0","0.0","0.0","37.0","15.7","-0.2","0.0","-0.2","-0.146","-10.7","-3.6","-14.3","-0.2"
"116","Alonzo Mourning*","C","24","CHH","4","4","174","24","57",".421","4","8",".500","20","49",".408",".456","36","43",".837","14","39","53","11","3","13","14","17","88",1995,"21.3",".580",".140",".754","10.0","31.1","19.9","12.6","1.0","6.1","15.6","24.7","0.3","0.3","0.6",".176","2.7","2.6","5.4","0.3"
"117","Dikembe Mutombo*","C","28","DEN","3","3","84","6","10",".600","0","0","0","6","10",".600",".600","6","9",".667","4","15","19","1","0","7","7","15","18",1995,"7.6",".645",".000",".900","5.4","23.0","13.7","1.9","0.0","6.4","33.4","11.2","-0.1","0.0","0.0","-0.020","-4.7","0.4","-4.3","0.0"
"118","Pete Myers","SG","31","CHI","9","0","79","5","14",".357","1","2",".500","4","12",".333",".393","2","6",".333","6","4","10","8","4","1","4","10","13",1995,"7.4",".391",".143",".429","9.6","6.0","7.8","14.5","2.8","1.1","19.4","12.1","-0.1","0.1","0.0",".016","-2.8","1.7","-1.1","0.0"
"119","Ken Norman","SF","30","ATL","3","0","42","7","18",".389","1","8",".125","6","10",".600",".417","1","7",".143","2","7","9","3","0","1","3","13","16",1995,"3.2",".380",".444",".389","5.1","19.8","12.1","15.8","0.0","1.9","12.5","26.9","-0.2","0.0","-0.1","-0.149","-8.8","-1.8","-10.6","-0.1"
"120","Julius Nwosu","C","23","SAS","2","0","7","0","2",".000","0","0","0","0","2",".000",".000","0","0","0","1","1","2","0","0","0","1","1","0",1995,"-13.0",".000",".000",".000","16.7","15.8","16.3","0.0","0.0","0.0","33.3","19.4","-0.1","0.0","-0.1","-0.370","-16.5","-8.6","-25.1","0.0"
"121","Shaquille O'Neal*","C","22","ORL","21","21","805","195","338",".577","0","0","0","195","338",".577",".577","149","261",".571","95","155","250","70","18","40","73","84","539",1995,"26.1",".595",".000",".772","14.0","22.6","18.4","16.4","1.2","3.8","13.9","30.1","2.0","1.0","3.0",".180","4.9","0.4","5.2","1.5"
"122","Charles Oakley","PF","31","NYK","11","11","421","49","109",".450","4","10",".400","45","99",".455",".468","42","51",".824","31","62","93","41","19","6","24","42","144",1995,"16.0",".548",".092",".468","10.2","19.0","14.7","17.0","2.5","1.2","15.4","18.2","0.6","1.0","1.5",".172","1.1","2.4","3.4","0.6"
"123","Hakeem Olajuwon*","C","32","HOU","22","22","929","306","576",".531","2","4",".500","304","572",".531",".533","111","163",".681","44","183","227","98","26","62","69","95","725",1995,"26.7",".560",".007",".283","5.6","22.7","14.3","22.6","1.5","5.1","9.6","35.9","1.5","1.3","2.8",".143","3.3","2.1","5.4","1.7"
"124","Robert Parish*","C","41","CHH","4","0","71","6","11",".545","0","0","0","6","11",".545",".545","2","5",".400","4","5","9","1","0","3","1","2","14",1995,"9.2",".530",".000",".455","7.0","9.8","8.3","2.5","0.0","3.4","7.0","9.5","0.0","0.0","0.1",".059","-1.3","-0.2","-1.5","0.0"
"125","Gary Payton*","PG","26","SEA","4","4","172","32","67",".478","2","10",".200","30","57",".526",".493","5","12",".417","6","4","10","21","5","0","8","13","71",1995,"12.1",".491",".149",".179","4.3","2.9","3.6","21.9","1.6","0.0","10.0","21.2","0.1","0.1","0.2",".066","-0.1","-1.8","-1.9","0.0"
"126","Anthony Peeler","SG","25","LAL","10","10","268","32","79",".405","8","31",".258","24","48",".500",".456","17","22",".773","8","20","28","25","10","2","12","23","89",1995,"11.4",".502",".392",".278","3.4","8.9","6.1","17.2","2.0","0.5","11.9","17.6","0.1","0.3","0.4",".074","-0.3","0.7","0.5","0.2"
"127","Will Perdue","C","29","CHI","10","2","176","19","37",".514","0","0","0","19","37",".514",".514","12","21",".571","18","30","48","6","1","3","10","27","50",1995,"10.6",".541",".000",".568","13.0","20.3","16.7","5.2","0.3","1.4","17.8","14.8","0.1","0.2","0.3",".072","-2.9","-1.2","-4.1","-0.1"
"128","Sam Perkins","C","33","SEA","4","2","141","21","48",".438","10","22",".455","11","26",".423",".542","2","2","1.000","6","25","31","13","3","5","9","12","54",1995,"14.4",".552",".458",".042","5.2","22.1","13.6","15.5","1.2","3.5","15.5","18.6","0.1","0.2","0.3",".108","2.1","1.3","3.4","0.2"
"129","Elliot Perry","PG","25","PHO","9","0","106","20","42",".476","2","5",".400","18","37",".486",".500","20","25",".800","3","7","10","12","5","0","9","8","62",1995,"18.9",".585",".119",".595","3.4","7.4","5.5","18.3","2.4","0.0","14.5","26.2","0.2","0.1","0.3",".116","1.1","-0.9","0.2","0.1"
"130","Chuck Person","SF","30","SAS","15","0","258","27","77",".351","13","45",".289","14","32",".438",".435","8","11",".727","2","25","27","8","4","7","6","22","75",1995,"7.3",".458",".584",".143","0.9","10.7","6.0","5.0","0.8","2.1","6.8","15.4","-0.1","0.4","0.3",".061","-1.8","0.5","-1.3","0.0"
"131","Wesley Person","SG","23","PHO","10","10","247","34","83",".410","17","45",".378","17","38",".447",".512","11","12",".917","9","12","21","11","3","2","9","19","96",1995,"10.7",".544",".542",".145","4.3","5.5","4.9","6.6","0.6","0.6","9.3","17.6","0.3","0.0","0.3",".057","1.0","-2.3","-1.2","0.0"
"132","Bobby Phills","SG","25","CLE","4","4","146","19","43",".442","4","7",".571","15","36",".417",".488","15","20",".750","3","9","12","6","9","0","9","8","57",1995,"12.8",".550",".163",".465","2.6","9.8","5.8","9.4","3.5","0.0","14.8","21.1","-0.1","0.2","0.2",".055","-1.0","1.1","0.2","0.1"
"133","Scottie Pippen*","SF","29","CHI","10","10","396","58","131",".443","14","38",".368","44","93",".473",".496","48","71",".676","24","62","86","58","14","10","27","40","178",1995,"18.9",".549",".290",".542","7.7","18.6","13.3","23.8","1.9","2.1","14.3","22.1","0.7","0.6","1.2",".150","3.8","2.1","5.9","0.8"
"134","Terry Porter","PG","31","POR","3","0","21","7","13",".538","2","5",".400","5","8",".625",".615","3","5",".600","1","1","2","4","0","0","1","6","19",1995,"28.5",".625",".385",".385","5.3","6.5","5.9","40.9","0.0","0.0","6.2","35.3","0.1","0.0","0.1",".183","7.5","-0.1","7.4","0.1"
"135","Mark Price","PG","30","CLE","4","4","143","12","40",".300","4","17",".235","8","23",".348",".350","32","33",".970","2","10","12","26","6","0","18","5","60",1995,"14.3",".550",".425",".825","1.8","11.1","5.9","37.6","2.4","0.0","24.8","25.7","-0.1","0.2","0.1",".039","1.8","-1.0","0.8","0.1"
"136","Dino Radja*","PF","27","BOS","4","3","153","20","50",".400","0","0","0","20","50",".400",".400","20","28",".714","4","24","28","9","4","5","9","19","60",1995,"11.5",".481",".000",".560","2.9","17.9","10.3","11.1","1.4","2.5","12.6","20.9","0.0","0.2","0.2",".052","-2.3","2.1","-0.2","0.1"
"137","J.R. Reid","PF","26","SAS","15","1","209","29","59",".492","0","0","0","29","59",".492",".492","33","39",".846","14","28","42","9","7","4","15","36","91",1995,"14.8",".597",".000",".661","7.8","14.8","11.4","7.3","1.8","1.5","16.5","19.7","0.3","0.4","0.7",".158","-1.6","2.5","0.8","0.2"
"138","Doc Rivers","PG","33","SAS","15","0","318","37","95",".389","17","46",".370","20","49",".408",".479","26","31",".839","3","26","29","24","14","9","18","40","117",1995,"11.5",".538",".484",".326","1.1","9.1","5.2","12.4","2.4","2.2","14.2","18.0","0.1","0.6","0.7",".110","-1.0","3.2","2.3","0.3"
"139","Fred Roberts","SF","34","CLE","1","0","7","3","4",".750","0","0","0","3","4",".750",".750","0","2",".000","1","1","2","0","0","0","1","0","6",1995,"25.6",".615",".000",".500","18.3","22.7","20.2","0.0","0.0","0.0","17.0","42.5","0.0","0.0","0.0","-0.077","7.0","-3.3","3.8","0.0"
"140","Clifford Robinson","SF","28","POR","3","3","119","17","47",".362","4","17",".235","13","30",".433",".404","9","16",".563","7","12","19","8","2","1","8","13","47",1995,"8.5",".435",".362",".340","6.6","13.8","9.8","10.3","0.9","0.7","12.9","23.8","-0.2","-0.1","-0.3","-0.130","-2.9","-3.3","-6.1","-0.1"
"141","David Robinson*","C","29","SAS","15","15","623","129","289",".446","1","5",".200","128","284",".451",".448","121","149",".812","57","125","182","47","22","39","56","63","380",1995,"22.6",".536",".017",".516","10.7","22.2","16.6","14.5","1.9","5.0","13.6","29.8","0.7","1.6","2.3",".176","3.4","2.7","6.1","1.3"
"142","James Robinson","PG","24","POR","2","0","4","2","3",".667","2","3",".667","0","0","0","1.000","0","0","0","0","0","0","1","0","0","0","0","6",1995,"65.5","1.000","1.000",".000","0.0","0.0","0.0","83.7","0.0","0.0","0.0","34.3","0.1","0.0","0.1",".649","41.7","4.5","46.2","0.0"
"143","Dennis Rodman*","PF","33","SAS","14","12","459","52","96",".542","0","5",".000","52","91",".571",".542","20","35",".571","69","138","207","18","12","0","25","51","124",1995,"15.8",".557",".052",".365","17.6","33.3","25.7","6.4","1.4","0.0","18.3","13.5","0.4","1.1","1.6",".166","0.8","0.4","1.2","0.4"
"144","Rodney Rogers","PF","23","DEN","3","3","76","12","22",".545","1","4",".250","11","18",".611",".568","1","4",".250","1","11","12","5","3","4","5","13","26",1995,"11.5",".547",".182",".182","1.5","18.6","9.6","12.3","2.1","4.1","17.4","16.9","0.0","0.0","0.0",".000","-1.2","1.5","0.3","0.0"
"145","Tree Rollins","C","39","ORL","14","0","81","3","5",".600","0","0","0","3","5",".600",".600","1","4",".250","4","2","6","0","0","6","4","19","7",1995,"0.8",".518",".000",".800","5.9","2.9","4.4","0.0","0.0","5.7","37.2","6.1","-0.1","0.0","-0.1","-0.035","-8.3","0.7","-7.5","-0.1"
"146","Jalen Rose","SF","22","DEN","3","3","99","13","28",".464","1","4",".250","12","24",".500",".482","3","5",".600","4","7","11","18","3","2","9","9","30",1995,"11.4",".497",".143",".179","4.6","9.1","6.7","32.3","1.6","1.6","23.0","17.7","0.0","0.0","-0.1","-0.030","1.1","-1.5","-0.4","0.0"
"147","Donald Royal","SF","28","ORL","18","6","198","11","33",".333","0","0","0","11","33",".333",".333","15","20",".750","6","13","19","9","3","0","13","22","37",1995,"2.6",".443",".000",".606","3.6","7.7","5.7","6.3","0.8","0.0","23.7","12.7","-0.3","0.0","-0.2","-0.052","-5.7","-2.0","-7.7","-0.3"
"148","Trevor Ruffin","PG","24","PHO","5","0","11","4","8",".500","1","4",".250","3","4",".750",".563","1","5",".200","0","3","3","2","1","0","0","0","10",1995,"33.1",".490",".500",".625","0.0","30.8","15.8","40.9","4.7","0.0","0.0","41.5","0.0","0.0","0.0",".157","8.1","3.2","11.3","0.0"
"149","Bryon Russell","SF","24","UTA","2","0","13","4","7",".571","2","4",".500","2","3",".667",".714","1","2",".500","1","1","2","3","1","0","0","2","11",1995,"40.0",".698",".571",".286","9.8","11.4","10.5","51.2","4.1","0.0","0.0","28.3","0.1","0.0","0.1",".419","14.0","2.8","16.8","0.1"
"150","Danny Schayes","C","35","PHO","10","0","146","11","29",".379","0","1",".000","11","28",".393",".379","7","8",".875","4","16","20","8","3","3","8","38","29",1995,"3.3",".446",".034",".276","3.3","12.4","7.9","7.5","1.1","1.6","19.7","12.4","-0.1","0.1","0.0","-0.013","-7.2","0.1","-7.0","-0.2"
"151","Steve Scheffler","C","27","SEA","1","0","1","1","1","1.000","0","0","0","1","1","1.000","1.000","0","0","0","0","1","1","0","0","0","0","0","2",1995,"97.6","1.000",".000",".000","0.0","100.0","61.7","0.0","0.0","0.0","0.0","45.4","0.0","0.0","0.0","1.632","38.8","14.1","52.8","0.0"
"152","Detlef Schrempf","SF","32","SEA","4","4","153","23","57",".404","10","18",".556","13","39",".333",".491","19","24",".792","2","17","19","12","3","2","11","12","75",1995,"13.3",".555",".316",".421","1.6","13.9","7.7","13.2","1.1","1.3","14.0","23.3","0.1","0.2","0.3",".099","1.7","-1.0","0.7","0.1"
"153","Byron Scott","PG","33","IND","17","0","298","32","94",".340","9","34",".265","23","60",".383",".388","30","34",".882","5","20","25","16","10","1","22","30","103",1995,"7.0",".473",".362",".362","2.1","8.4","5.3","9.0","1.8","0.3","16.8","20.4","-0.3","0.2","0.0","-0.006","-3.0","-0.9","-4.0","-0.2"
"154","Dennis Scott","SF","26","ORL","21","15","746","109","264",".413","56","151",".371","53","113",".469",".519","34","40",".850","9","54","63","45","22","5","33","62","308",1995,"11.8",".547",".572",".152","1.4","8.5","5.0","9.6","1.6","0.5","10.5","19.4","0.6","0.3","0.9",".061","1.0","-1.2","-0.2","0.3"
"155","Brian Shaw","PG","28","ORL","21","0","355","48","123",".390","22","57",".386","26","66",".394",".480","20","32",".625","17","45","62","66","11","4","26","49","138",1995,"14.4",".503",".463",".260","5.7","14.9","10.3","29.2","1.7","0.9","15.9","21.2","0.3","0.3","0.6",".083","1.2","0.2","1.4","0.3"
"156","Charles Smith","SF","29","NYK","11","11","303","51","95",".537","0","2",".000","51","93",".548",".537","17","30",".567","20","22","42","13","13","17","24","44","119",1995,"13.4",".550",".021",".316","9.1","9.4","9.2","8.2","2.4","4.8","18.2","21.5","-0.1","0.7","0.5",".085","-2.0","1.8","-0.3","0.1"
"157","Kenny Smith","PG","29","HOU","22","22","652","78","178",".438","46","104",".442","32","74",".432",".567","36","40",".900","7","42","49","99","14","3","31","46","238",1995,"13.8",".608",".584",".225","1.3","7.4","4.4","22.4","1.1","0.4","13.7","16.2","1.1","0.2","1.4",".101","1.7","-0.8","0.9","0.5"
"158","Steve Smith","SG","25","ATL","3","3","108","17","43",".395","7","18",".389","10","25",".400",".477","16","19",".842","1","7","8","6","6","1","3","14","57",1995,"17.5",".555",".419",".442","1.0","7.7","4.2","12.1","3.0","0.7","5.5","23.6","0.2","0.1","0.3",".133","2.6","1.8","4.3","0.2"
"159","Tony Smith","SG","26","LAL","6","0","27","3","13",".231","3","10",".300","0","3",".000",".346","0","2",".000","1","2","3","3","0","0","4","1","9",1995,"-2.9",".324",".769",".154","4.2","8.9","6.5","20.1","0.0","0.0","22.4","31.0","-0.2","0.0","-0.2","-0.299","-3.1","-5.1","-8.2","0.0"
"160","Rik Smits","C","28","IND","17","17","546","127","232",".547","1","1","1.000","126","231",".545",".550","86","107",".804","32","87","119","34","5","14","34","73","341",1995,"22.1",".611",".004",".461","7.4","19.9","13.7","13.2","0.5","2.4","10.9","26.6","1.6","0.6","2.2",".193","3.3","1.2","4.5","0.9"
"161","John Starks","SG","29","NYK","11","11","380","58","129",".450","30","73",".411","28","56",".500",".566","26","42",".619","2","23","25","57","13","1","26","40","172",1995,"15.0",".583",".566",".326","0.7","7.8","4.4","27.9","1.9","0.2","15.0","22.5","0.5","0.6","1.1",".140","2.2","0.5","2.7","0.4"
"162","Bryant Stith","SG","24","DEN","3","1","85","17","32",".531","1","6",".167","16","26",".615",".547","15","19",".789","3","6","9","7","1","1","0","7","50",1995,"22.4",".619",".188",".594","4.0","9.1","6.4","16.7","0.6","0.9","0.0","21.2","0.4","0.0","0.4",".202","6.5","-0.1","6.4","0.2"
"163","John Stockton*","PG","32","UTA","5","5","193","34","74",".459","8","20",".400","26","54",".481",".514","13","17",".765","6","11","17","51","7","1","14","13","89",1995,"19.5",".546",".270",".230","3.9","8.4","6.0","45.4","1.9","0.5","14.7","23.1","0.4","-0.1","0.4",".087","5.5","-1.2","4.3","0.3"
"164","Rod Strickland","PG","28","POR","3","3","126","27","65",".415","2","5",".400","25","60",".417",".431","14","18",".778","1","11","12","37","3","2","10","11","70",1995,"19.5",".480",".077",".277","0.9","12.0","5.9","50.3","1.3","1.4","12.1","30.1","0.1","-0.1","0.0","-0.002","3.2","-1.4","1.8","0.1"
"165","Derek Strong","PF","26","BOS","4","1","81","4","12",".333","0","0","0","4","12",".333",".333","3","6",".500","13","11","24","3","3","1","5","7","11",1995,"8.8",".376",".000",".500","17.7","15.5","16.6","6.1","2.0","0.9","25.5","10.9","-0.1","0.1","0.0",".002","-2.0","-0.1","-2.2","0.0"
"166","Greg Sutton","PG","27","CHH","3","0","23","0","7",".000","0","5",".000","0","2",".000",".000","0","0","0","3","2","5","3","0","0","1","1","0",1995,"-4.0",".000",".714",".000","16.2","12.1","14.2","20.4","0.0","0.0","12.5","16.6","-0.1","0.0","-0.1","-0.252","-6.3","-5.2","-11.5","-0.1"
"167","Žan Tabak","C","24","HOU","8","0","31","2","5",".400","0","0","0","2","5",".400",".400","2","2","1.000","1","0","1","1","1","3","2","5","6",1995,"6.1",".510",".000",".400","3.8","0.0","1.9","4.4","1.7","7.4","25.4","11.8","0.0","0.0","0.0","-0.005","-7.1","1.4","-5.7","0.0"
"168","Brooks Thompson","PG","24","ORL","3","0","11","3","4",".750","3","4",".750","0","0","0","1.125","3","4",".750","1","1","2","3","0","1","2","1","12",1995,"49.8","1.042","1.000","1.000","10.8","10.7","10.7","54.6","0.0","7.0","25.8","32.5","0.1","0.0","0.1",".570","27.7","5.5","33.3","0.1"
"169","Otis Thorpe","PF","32","POR","3","0","66","12","21",".571","0","0","0","12","21",".571",".571","7","10",".700","5","8","13","2","0","0","3","12","31",1995,"14.6",".610",".000",".476","8.5","16.6","12.1","4.9","0.0","0.0","10.6","19.7","0.1","-0.1","0.0",".033","-1.4","-2.1","-3.6","0.0"
"170","Sedale Threatt","PG","33","LAL","1","0","11","1","4",".250","0","2",".000","1","2",".500",".250","0","0","0","0","0","0","2","1","0","0","2","2",1995,"5.5",".250",".500",".000","0.0","0.0","0.0","31.8","4.9","0.0","0.0","17.0","0.0","0.0","0.0","-0.028","-4.0","3.0","-1.0","0.0"
"171","Wayman Tisdale","PF","30","PHO","10","0","170","32","71",".451","0","1",".000","32","70",".457",".451","9","14",".643","6","24","30","11","0","4","6","32","73",1995,"10.7",".473",".014",".197","4.2","15.9","10.2","10.4","0.0","1.9","7.2","21.9","0.0","0.1","0.1",".026","-3.9","-1.5","-5.4","-0.1"
"172","Jeff Turner","PF","32","ORL","18","0","179","17","40",".425","11","22",".500","6","18",".333",".563","4","4","1.000","4","21","25","11","4","3","6","44","49",1995,"8.2",".587",".550",".100","2.7","13.8","8.3","9.1","1.2","1.3","12.6","12.3","0.2","0.1","0.3",".086","-3.0","1.0","-2.0","0.0"
"173","Nick Van Exel","PG","23","LAL","10","10","464","67","162",".414","21","66",".318","46","96",".479",".478","45","59",".763","9","29","38","73","21","3","22","33","200",1995,"16.5",".532",".407",".364","2.2","7.5","4.8","30.3","2.5","0.5","10.5","21.2","0.7","0.6","1.3",".135","2.9","0.8","3.7","0.7"
"174","Jamie Watson","SF","22","UTA","5","0","57","6","9",".667","0","0","0","6","9",".667",".667","0","0","0","1","0","1","3","2","1","6","12","12",1995,"2.7",".667",".000",".000","2.2","0.0","1.2","8.1","1.9","1.7","40.0","12.3","-0.1","0.0","-0.1","-0.090","-6.7","-0.2","-6.9","-0.1"
"175","Bill Wennington","C","31","CHI","10","0","133","21","51",".412","0","0","0","21","51",".412",".412","6","6","1.000","12","16","28","3","3","3","8","32","48",1995,"7.9",".447",".000",".118","11.5","14.3","12.9","3.7","1.2","1.9","13.0","21.4","-0.1","0.1","0.0",".006","-6.4","-0.9","-7.3","-0.2"
"176","Ennis Whatley","PG","32","ATL","3","0","19","0","4",".000","0","0","0","0","4",".000",".000","0","0","0","1","3","4","1","0","0","0","2","0",1995,"-3.3",".000",".000",".000","5.7","18.8","11.9","8.5","0.0","0.0","0.0","9.9","-0.1","0.0","-0.1","-0.168","-10.5","-3.4","-13.9","-0.1"
"177","Dominique Wilkins*","SF","35","BOS","4","4","150","26","61",".426","8","17",".471","18","44",".409",".492","16","18",".889","17","26","43","8","2","3","9","7","76",1995,"19.5",".551",".279",".295","12.5","19.8","16.1","10.9","0.7","1.5","11.6","23.3","0.3","0.2","0.4",".140","5.7","0.4","6.1","0.3"
"178","Buck Williams","PF","34","POR","3","3","103","9","15",".600","0","0","0","9","15",".600",".600","7","11",".636","8","11","19","1","4","2","4","14","25",1995,"11.0",".630",".000",".733","8.7","14.6","11.4","1.4","2.0","1.7","16.8","10.6","0.1","-0.1","0.0",".018","-2.5","0.3","-2.2","0.0"
"179","Herb Williams","C","36","NYK","8","0","55","3","13",".231","0","0","0","3","13",".231",".231","2","2","1.000","3","4","7","0","5","5","1","13","8",1995,"6.4",".288",".000",".154","7.5","9.4","8.5","0.0","5.1","7.8","6.7","13.3","-0.1","0.2","0.1",".048","-7.7","3.9","-3.8","0.0"
"180","Hot Rod Williams","PF","32","CLE","4","4","144","12","42",".286","0","1",".000","12","41",".293",".286","3","8",".375","3","22","25","11","9","3","10","11","27",1995,"4.6",".297",".024",".190","2.7","24.2","12.3","15.8","3.5","2.1","18.0","19.5","-0.7","0.3","-0.4","-0.125","-5.8","0.9","-5.0","-0.1"
"181","Monty Williams","SF","23","NYK","1","0","4","2","2","1.000","0","0","0","2","2","1.000","1.000","0","0","0","0","0","0","0","0","0","0","1","4",1995,"38.3","1.000",".000",".000","0.0","0.0","0.0","0.0","0.0","0.0","0.0","24.6","0.0","0.0","0.0",".402","9.2","2.9","12.0","0.0"
"182","Reggie Williams","SF","30","DEN","3","3","84","8","36",".222","4","13",".308","4","23",".174",".278","6","6","1.000","5","11","16","12","3","1","3","11","26",1995,"8.5",".336",".361",".167","6.8","16.8","11.5","23.8","1.9","0.9","7.2","22.2","-0.1","0.0","-0.1","-0.060","-0.7","-1.6","-2.3","0.0"
"183","David Wingate","SG","31","CHH","4","4","73","13","27",".481","2","6",".333","11","21",".524",".519","4","6",".667","3","3","6","15","4","0","4","14","32",1995,"17.5",".540",".222",".222","5.1","5.7","5.4","44.5","3.1","0.0","11.9","22.0","0.1","0.1","0.2",".148","1.6","4.3","5.9","0.1"
"184","Joe Wolf","PF","30","CHH","1","0","3","0","0","0","0","0","0","0","0","0","0","0","0","0","0","0","0","0","0","0","0","0","0",1995,"0.0","0","0","0","0.0","0.0","0.0","0.0","0.0","0.0","0","0.0","0.0","0.0","0.0",".000","-0.9","-0.8","-1.7","0.0"
"185","Haywoode Workman","PG","29","IND","17","0","275","24","67",".358","2","18",".111","22","49",".449",".373","27","32",".844","5","23","28","45","11","0","16","45","77",1995,"10.1",".475",".269",".478","2.3","10.5","6.4","26.6","2.2","0.0","16.5","16.4","0.1","0.3","0.4",".071","-2.4","1.7","-0.8","0.1"
