"","Yr","Player","allstar"
"1",1951,"Paul Arizin",1
"2",1951,"Vince Boryla",1
"3",1951,"Bob Cousy",1
"4",1951,"Joe Fulks",1
"5",1951,"Harry Gallatin",1
"6",1951,"Ed Macauley",1
"7",1951,"Dick McGuire",1
"8",1951,"Andy Phillip",1
"9",1951,"Red Rocha",1
"10",1951,"Dolph Schayes",1
"11",1951,"Ralph Beard",1
"12",1951,"Frankie Brian",1
"13",1951,"Bob Davies",1
"14",1951,"Dike Eddleman",1
"15",1951,"Larry Foust",1
"16",1951,"Alex Groza",1
"17",1951,"George Mikan",1
"18",1951,"Vern Mikkelsen",1
"19",1951,"Jim Pollard",1
"20",1951,"Fred Schaus",1
"21",1952,"Paul Arizin",1
"22",1952,"Bob Cousy",1
"23",1952,"Joe Fulks",1
"24",1952,"Harry Gallatin",1
"25",1952,"Ed Macauley",1
"26",1952,"Dick McGuire",1
"27",1952,"Andy Phillip",1
"28",1952,"Red Rocha",1
"29",1952,"Dolph Schayes",1
"30",1952,"Fred Scolari",1
"31",1952,"Max Zaslofsky",1
"32",1952,"Leo Barnhorst",1
"33",1952,"Frankie Brian",1
"34",1952,"Bob Davies",1
"35",1952,"Dike Eddleman",1
"36",1952,"Larry Foust",1
"37",1952,"George Mikan",1
"38",1952,"Vern Mikkelsen",1
"39",1952,"Jim Pollard",1
"40",1952,"Arnie Risen",1
"41",1952,"Paul Walther",1
"42",1952,"Bobby Wanzer",1
"43",1953,"Don Barksdale",1
"44",1953,"Carl Braun",1
"45",1953,"Bob Cousy",1
"46",1953,"Bill Gabor",1
"47",1953,"Harry Gallatin",1
"48",1953,"Neil Johnston",1
"49",1953,"Ed Macauley",1
"50",1953,"Dolph Schayes",1
"51",1953,"Fred Scolari",1
"52",1953,"Paul Seymour",1
"53",1953,"Bill Sharman",1
"54",1953,"Leo Barnhorst",1
"55",1953,"Bob Davies",1
"56",1953,"Larry Foust",1
"57",1953,"Mel Hutchins",1
"58",1953,"Slater Martin",1
"59",1953,"George Mikan",1
"60",1953,"Vern Mikkelsen",1
"61",1953,"Andy Phillip",1
"62",1953,"Arnie Risen",1
"63",1953,"Bobby Wanzer",1
"64",1954,"Carl Braun",1
"65",1954,"Bob Cousy",1
"66",1954,"Ray Felix",1
"67",1954,"Harry Gallatin",1
"68",1954,"Neil Johnston",1
"69",1954,"Ed Macauley",1
"70",1954,"Dick McGuire",1
"71",1954,"Dolph Schayes",1
"72",1954,"Paul Seymour",1
"73",1954,"Bill Sharman",1
"74",1954,"Bob Davies",1
"75",1954,"Larry Foust",1
"76",1954,"Mel Hutchins",1
"77",1954,"Slater Martin",1
"78",1954,"George Mikan",1
"79",1954,"Jack Molinas",1
"80",1954,"Andy Phillip",1
"81",1954,"Jim Pollard",1
"82",1954,"Arnie Risen",1
"83",1954,"Don Sunderlage",1
"84",1954,"Bobby Wanzer",1
"85",1955,"Paul Arizin",1
"86",1955,"Carl Braun",1
"87",1955,"Bob Cousy",1
"88",1955,"Harry Gallatin",1
"89",1955,"Neil Johnston",1
"90",1955,"Ed Macauley",1
"91",1955,"Dick McGuire",1
"92",1955,"Dolph Schayes",1
"93",1955,"Paul Seymour",1
"94",1955,"Bill Sharman",1
"95",1955,"Jack Coleman",1
"96",1955,"Larry Foust",1
"97",1955,"Slater Martin",1
"98",1955,"Vern Mikkelsen",1
"99",1955,"Bob Pettit",1
"100",1955,"Andy Phillip",1
"101",1955,"Jim Pollard",1
"102",1955,"Arnie Risen",1
"103",1955,"Frank Selvy",1
"104",1955,"Bobby Wanzer",1
"105",1955,"George Yardley",1
"106",1956,"Paul Arizin",1
"107",1956,"Carl Braun",1
"108",1956,"Bob Cousy",1
"109",1956,"Harry Gallatin",1
"110",1956,"Jack George",1
"111",1956,"Neil Johnston",1
"112",1956,"Red Kerr",1
"113",1956,"Ed Macauley",1
"114",1956,"Dick McGuire",1
"115",1956,"Dolph Schayes",1
"116",1956,"Bill Sharman",1
"117",1956,"Larry Foust",1
"118",1956,"Bob Harrison",1
"119",1956,"Mel Hutchins",1
"120",1956,"Clyde Lovellette",1
"121",1956,"Slater Martin",1
"122",1956,"Vern Mikkelsen",1
"123",1956,"Bob Pettit",1
"124",1956,"Maurice Stokes",1
"125",1956,"Bobby Wanzer",1
"126",1956,"George Yardley",1
"127",1957,"Paul Arizin",1
"128",1957,"Carl Braun",1
"129",1957,"Nat Clifton",1
"130",1957,"Bob Cousy",1
"131",1957,"Harry Gallatin",1
"132",1957,"Jack George",1
"133",1957,"Tom Heinsohn",1
"134",1957,"Neil Johnston",1
"135",1957,"Dolph Schayes",1
"136",1957,"Bill Sharman",1
"137",1957,"Dick Garmaker",1
"138",1957,"Mel Hutchins",1
"139",1957,"Clyde Lovellette",1
"140",1957,"Ed Macauley",1
"141",1957,"Slater Martin",1
"142",1957,"Vern Mikkelsen",1
"143",1957,"Bob Pettit",1
"144",1957,"Richie Regan",1
"145",1957,"Maurice Stokes",1
"146",1957,"Jack Twyman",1
"147",1957,"George Yardley",1
"148",1958,"Paul Arizin",1
"149",1958,"Larry Costello",1
"150",1958,"Bob Cousy",1
"151",1958,"Richie Guerin",1
"152",1958,"Neil Johnston",1
"153",1958,"Willie Naulls",1
"154",1958,"Bill Russell",1
"155",1958,"Dolph Schayes",1
"156",1958,"Kenny Sears",1
"157",1958,"Bill Sharman",1
"158",1958,"Larry Foust",1
"159",1958,"Dick Garmaker",1
"160",1958,"Cliff Hagan",1
"161",1958,"Slater Martin",1
"162",1958,"Dick McGuire",1
"163",1958,"Bob Pettit",1
"164",1958,"Gene Shue",1
"165",1958,"Maurice Stokes",1
"166",1958,"Jack Twyman",1
"167",1958,"George Yardley",1
"168",1959,"Paul Arizin",1
"169",1959,"Larry Costello",1
"170",1959,"Bob Cousy",1
"171",1959,"Richie Guerin",1
"172",1959,"Red Kerr",1
"173",1959,"Bill Russell",1
"174",1959,"Woody Sauldsberry",1
"175",1959,"Dolph Schayes",1
"176",1959,"Kenny Sears",1
"177",1959,"Bill Sharman",1
"178",1959,"Elgin Baylor",1
"179",1959,"Larry Foust",1
"180",1959,"Dick Garmaker",1
"181",1959,"Cliff Hagan",1
"182",1959,"Slater Martin",1
"183",1959,"Dick McGuire",1
"184",1959,"Bob Pettit",1
"185",1959,"Gene Shue",1
"186",1959,"Jack Twyman",1
"187",1959,"George Yardley",1
"188",1960,"Paul Arizin",1
"189",1960,"Wilt Chamberlain",1
"190",1960,"Larry Costello",1
"191",1960,"Bob Cousy",1
"192",1960,"Tom Gola",1
"193",1960,"Richie Guerin",1
"194",1960,"Willie Naulls",1
"195",1960,"Bill Russell",1
"196",1960,"Dolph Schayes",1
"197",1960,"Bill Sharman",1
"198",1960,"George Yardley",1
"199",1960,"Elgin Baylor",1
"200",1960,"Walter Dukes",1
"201",1960,"Dick Garmaker",1
"202",1960,"Cliff Hagan",1
"203",1960,"Hot Rod Hundley",1
"204",1960,"Clyde Lovellette",1
"205",1960,"Chuck Noble",1
"206",1960,"Bob Pettit",1
"207",1960,"Gene Shue",1
"208",1960,"Jack Twyman",1
"209",1961,"Paul Arizin",1
"210",1961,"Wilt Chamberlain",1
"211",1961,"Larry Costello",1
"212",1961,"Bob Cousy",1
"213",1961,"Tom Gola",1
"214",1961,"Hal Greer",1
"215",1961,"Richie Guerin",1
"216",1961,"Tom Heinsohn",1
"217",1961,"Willie Naulls",1
"218",1961,"Bill Russell",1
"219",1961,"Dolph Schayes",1
"220",1961,"Elgin Baylor",1
"221",1961,"Walter Dukes",1
"222",1961,"Wayne Embry",1
"223",1961,"Cliff Hagan",1
"224",1961,"Bailey Howell",1
"225",1961,"Hot Rod Hundley",1
"226",1961,"Clyde Lovellette",1
"227",1961,"Bob Pettit",1
"228",1961,"Oscar Robertson",1
"229",1961,"Gene Shue",1
"230",1961,"Jerry West",1
"231",1962,"Paul Arizin",1
"232",1962,"Wilt Chamberlain",1
"233",1962,"Larry Costello",1
"234",1962,"Bob Cousy",1
"235",1962,"Tom Gola",1
"236",1962,"Johnny Green",1
"237",1962,"Hal Greer",1
"238",1962,"Richie Guerin",1
"239",1962,"Tom Heinsohn",1
"240",1962,"Sam Jones",1
"241",1962,"Willie Naulls",1
"242",1962,"Bill Russell",1
"243",1962,"Dolph Schayes",1
"244",1962,"Elgin Baylor",1
"245",1962,"Walt Bellamy",1
"246",1962,"Wayne Embry",1
"247",1962,"Cliff Hagan",1
"248",1962,"Bailey Howell",1
"249",1962,"Rudy LaRusso",1
"250",1962,"Bob Pettit",1
"251",1962,"Oscar Robertson",1
"252",1962,"Frank Selvy",1
"253",1962,"Gene Shue",1
"254",1962,"Jack Twyman",1
"255",1962,"Jerry West",1
"256",1963,"Bob Cousy",1
"257",1963,"Wayne Embry",1
"258",1963,"Tom Gola",1
"259",1963,"Johnny Green",1
"260",1963,"Hal Greer",1
"261",1963,"Richie Guerin",1
"262",1963,"Tom Heinsohn",1
"263",1963,"Red Kerr",1
"264",1963,"Oscar Robertson",1
"265",1963,"Bill Russell",1
"266",1963,"Lee Shaffer",1
"267",1963,"Jack Twyman",1
"268",1963,"Elgin Baylor",1
"269",1963,"Walt Bellamy",1
"270",1963,"Wilt Chamberlain",1
"271",1963,"Terry Dischinger",1
"272",1963,"Bailey Howell",1
"273",1963,"Rudy LaRusso",1
"274",1963,"Tom Meschery",1
"275",1963,"Don Ohl",1
"276",1963,"Bob Pettit",1
"277",1963,"Guy Rodgers",1
"278",1963,"Jerry West",1
"279",1963,"Lenny Wilkens",1
"280",1964,"Len Chappell",1
"281",1964,"Wayne Embry",1
"282",1964,"Tom Gola",1
"283",1964,"Hal Greer",1
"284",1964,"Tom Heinsohn",1
"285",1964,"Sam Jones",1
"286",1964,"Jerry Lucas",1
"287",1964,"Oscar Robertson",1
"288",1964,"Bill Russell",1
"289",1964,"Chet Walker",1
"290",1964,"Elgin Baylor",1
"291",1964,"Walt Bellamy",1
"292",1964,"Wilt Chamberlain",1
"293",1964,"Terry Dischinger",1
"294",1964,"Bailey Howell",1
"295",1964,"Don Ohl",1
"296",1964,"Bob Pettit",1
"297",1964,"Guy Rodgers",1
"298",1964,"Jerry West",1
"299",1964,"Lenny Wilkens",1
"300",1965,"Larry Costello",1
"301",1965,"Wayne Embry",1
"302",1965,"Johnny Green",1
"303",1965,"Hal Greer",1
"304",1965,"Tom Heinsohn",1
"305",1965,"Luke Jackson",1
"306",1965,"Sam Jones",1
"307",1965,"Jerry Lucas",1
"308",1965,"Willis Reed",1
"309",1965,"Oscar Robertson",1
"310",1965,"Bill Russell",1
"311",1965,"Elgin Baylor",1
"312",1965,"Walt Bellamy",1
"313",1965,"Wilt Chamberlain",1
"314",1965,"Terry Dischinger",1
"315",1965,"Gus Johnson",1
"316",1965,"Don Ohl",1
"317",1965,"Bob Pettit",1
"318",1965,"Nate Thurmond",1
"319",1965,"Jerry West",1
"320",1965,"Lenny Wilkens",1
"321",1966,"Wilt Chamberlain",1
"322",1966,"Hal Greer",1
"323",1966,"John Havlicek",1
"324",1966,"Sam Jones",1
"325",1966,"Jerry Lucas",1
"326",1966,"Willis Reed",1
"327",1966,"Oscar Robertson",1
"328",1966,"Bill Russell",1
"329",1966,"Adrian Smith",1
"330",1966,"Chet Walker",1
"331",1966,"Rick Barry",1
"332",1966,"Zelmo Beaty",1
"333",1966,"Dave DeBusschere",1
"334",1966,"Bailey Howell",1
"335",1966,"Rudy LaRusso",1
"336",1966,"Eddie Miles",1
"337",1966,"Don Ohl",1
"338",1966,"Guy Rodgers",1
"339",1966,"Nate Thurmond",1
"340",1966,"Jerry West",1
"341",1967,"Wilt Chamberlain",1
"342",1967,"Hal Greer",1
"343",1967,"John Havlicek",1
"344",1967,"Bailey Howell",1
"345",1967,"Jerry Lucas",1
"346",1967,"Don Ohl",1
"347",1967,"Willis Reed",1
"348",1967,"Oscar Robertson",1
"349",1967,"Bill Russell",1
"350",1967,"Chet Walker",1
"351",1967,"Rick Barry",1
"352",1967,"Elgin Baylor",1
"353",1967,"Bill Bridges",1
"354",1967,"Dave DeBusschere",1
"355",1967,"Darrall Imhoff",1
"356",1967,"Guy Rodgers",1
"357",1967,"Jerry Sloan",1
"358",1967,"Nate Thurmond",1
"359",1967,"Jerry West",1
"360",1967,"Lenny Wilkens",1
"361",1968,"Dick Barnett",1
"362",1968,"Dave Bing",1
"363",1968,"Wilt Chamberlain",1
"364",1968,"Dave DeBusschere",1
"365",1968,"Hal Greer",1
"366",1968,"John Havlicek",1
"367",1968,"Gus Johnson",1
"368",1968,"Sam Jones",1
"369",1968,"Jerry Lucas",1
"370",1968,"Willis Reed",1
"371",1968,"Oscar Robertson",1
"372",1968,"Bill Russell",1
"373",1968,"Walt Hazzard",1
"374",1968,"Elgin Baylor",1
"375",1968,"Zelmo Beaty",1
"376",1968,"Bob Boozer",1
"377",1968,"Bill Bridges",1
"378",1968,"Archie Clark",1
"379",1968,"Jim King",1
"380",1968,"Don Kojis",1
"381",1968,"Rudy LaRusso",1
"382",1968,"Clyde Lee",1
"383",1968,"Nate Thurmond",1
"384",1968,"Jerry West",1
"385",1968,"Lenny Wilkens",1
"386",1969,"Dave Bing",1
"387",1969,"Billy Cunningham",1
"388",1969,"Hal Greer",1
"389",1969,"John Havlicek",1
"390",1969,"Gus Johnson",1
"391",1969,"Jerry Lucas",1
"392",1969,"Jon McGlocklin",1
"393",1969,"Earl Monroe",1
"394",1969,"Willis Reed",1
"395",1969,"Oscar Robertson",1
"396",1969,"Bill Russell",1
"397",1969,"Wes Unseld",1
"398",1969,"Elgin Baylor",1
"399",1969,"Joe Caldwell",1
"400",1969,"Wilt Chamberlain",1
"401",1969,"Gail Goodrich",1
"402",1969,"Elvin Hayes",1
"403",1969,"Lou Hudson",1
"404",1969,"Don Kojis",1
"405",1969,"Rudy LaRusso",1
"406",1969,"Jeff Mullins",1
"407",1969,"Jerry Sloan",1
"408",1969,"Dick Van Arsdale",1
"409",1969,"Jerry West",1
"410",1969,"Lenny Wilkens",1
"411",1970,"Kareem Abdul-Jabbar",1
"412",1970,"Billy Cunningham",1
"413",1970,"Dave DeBusschere",1
"414",1970,"Walt Frazier",1
"415",1970,"Hal Greer",1
"416",1970,"John Havlicek",1
"417",1970,"Gus Johnson",1
"418",1970,"Willis Reed",1
"419",1970,"Oscar Robertson",1
"420",1970,"Flynn Robinson",1
"421",1970,"Tom Van Arsdale",1
"422",1970,"Jimmy Walker",1
"423",1970,"Elgin Baylor",1
"424",1970,"Bill Bridges",1
"425",1970,"Joe Caldwell",1
"426",1970,"Connie Hawkins",1
"427",1970,"Elvin Hayes",1
"428",1970,"Lou Hudson",1
"429",1970,"Jeff Mullins",1
"430",1970,"Bob Rule",1
"431",1970,"Nate Thurmond",1
"432",1970,"Dick Van Arsdale",1
"433",1970,"Chet Walker",1
"434",1970,"Jerry West",1
"435",1970,"Lenny Wilkens",1
"436",1971,"Billy Cunningham",1
"437",1971,"Dave DeBusschere",1
"438",1971,"Walt Frazier",1
"439",1971,"Johnny Green",1
"440",1971,"John Havlicek",1
"441",1971,"Lou Hudson",1
"442",1971,"Gus Johnson",1
"443",1971,"John Johnson",1
"444",1971,"Bob Kauffman",1
"445",1971,"Earl Monroe",1
"446",1971,"Willis Reed",1
"447",1971,"Wes Unseld",1
"448",1971,"Tom Van Arsdale",1
"449",1971,"Jo Jo White",1
"450",1971,"Kareem Abdul-Jabbar",1
"451",1971,"Dave Bing",1
"452",1971,"Wilt Chamberlain",1
"453",1971,"Connie Hawkins",1
"454",1971,"Elvin Hayes",1
"455",1971,"Bob Love",1
"456",1971,"Jerry Lucas",1
"457",1971,"Jeff Mullins",1
"458",1971,"Geoff Petrie",1
"459",1971,"Oscar Robertson",1
"460",1971,"Dick Van Arsdale",1
"461",1971,"Chet Walker",1
"462",1971,"Jerry West",1
"463",1971,"Lenny Wilkens",1
"464",1972,"Butch Beard",1
"465",1972,"Archie Clark",1
"466",1972,"Dave Cowens",1
"467",1972,"Billy Cunningham",1
"468",1972,"Dave DeBusschere",1
"469",1972,"Walt Frazier",1
"470",1972,"John Havlicek",1
"471",1972,"Lou Hudson",1
"472",1972,"John Johnson",1
"473",1972,"Bob Kauffman",1
"474",1972,"Jack Marin",1
"475",1972,"Wes Unseld",1
"476",1972,"Tom Van Arsdale",1
"477",1972,"Jo Jo White",1
"478",1972,"Kareem Abdul-Jabbar",1
"479",1972,"Wilt Chamberlain",1
"480",1972,"Gail Goodrich",1
"481",1972,"Connie Hawkins",1
"482",1972,"Elvin Hayes",1
"483",1972,"Spencer Haywood",1
"484",1972,"Bob Lanier",1
"485",1972,"Bob Love",1
"486",1972,"Oscar Robertson",1
"487",1972,"Cazzie Russell",1
"488",1972,"Paul Silas",1
"489",1972,"Jimmy Walker",1
"490",1972,"Jerry West",1
"491",1972,"Sidney Wicks",1
"492",1973,"John Block",1
"493",1973,"Bill Bradley",1
"494",1973,"Dave Cowens",1
"495",1973,"Dave DeBusschere",1
"496",1973,"Walt Frazier",1
"497",1973,"John Havlicek",1
"498",1973,"Elvin Hayes",1
"499",1973,"Lou Hudson",1
"500",1973,"Bob Kauffman",1
"501",1973,"Pete Maravich",1
"502",1973,"Jack Marin",1
"503",1973,"Wes Unseld",1
"504",1973,"Jo Jo White",1
"505",1973,"Lenny Wilkens",1
"506",1973,"Kareem Abdul-Jabbar",1
"507",1973,"Tiny Archibald",1
"508",1973,"Rick Barry",1
"509",1973,"Dave Bing",1
"510",1973,"Wilt Chamberlain",1
"511",1973,"Bob Dandridge",1
"512",1973,"Gail Goodrich",1
"513",1973,"Connie Hawkins",1
"514",1973,"Spencer Haywood",1
"515",1973,"Bob Lanier",1
"516",1973,"Bob Love",1
"517",1973,"Charlie Scott",1
"518",1973,"Nate Thurmond",1
"519",1973,"Chet Walker",1
"520",1973,"Jerry West",1
"521",1973,"Sidney Wicks",1
"522",1974,"Austin Carr",1
"523",1974,"Phil Chenier",1
"524",1974,"Dave Cowens",1
"525",1974,"Dave DeBusschere",1
"526",1974,"Walt Frazier",1
"527",1974,"John Havlicek",1
"528",1974,"Elvin Hayes",1
"529",1974,"Lou Hudson",1
"530",1974,"Pete Maravich",1
"531",1974,"Bob McAdoo",1
"532",1974,"Rudy Tomjanovich",1
"533",1974,"Jo Jo White",1
"534",1974,"Kareem Abdul-Jabbar",1
"535",1974,"Rick Barry",1
"536",1974,"Dave Bing",1
"537",1974,"Gail Goodrich",1
"538",1974,"Spencer Haywood",1
"539",1974,"Bob Lanier",1
"540",1974,"Geoff Petrie",1
"541",1974,"Charlie Scott",1
"542",1974,"Nate Thurmond",1
"543",1974,"Norm Van Lier",1
"544",1974,"Chet Walker",1
"545",1974,"Jerry West",1
"546",1974,"Sidney Wicks",1
"547",1975,"Phil Chenier",1
"548",1975,"Dave Cowens",1
"549",1975,"Walt Frazier",1
"550",1975,"John Havlicek",1
"551",1975,"Elvin Hayes",1
"552",1975,"Bob McAdoo",1
"553",1975,"Steve Mix",1
"554",1975,"Earl Monroe",1
"555",1975,"Paul Silas",1
"556",1975,"Rudy Tomjanovich",1
"557",1975,"Wes Unseld",1
"558",1975,"Jo Jo White",1
"559",1975,"Kareem Abdul-Jabbar",1
"560",1975,"Tiny Archibald",1
"561",1975,"Rick Barry",1
"562",1975,"Dave Bing",1
"563",1975,"Bob Dandridge",1
"564",1975,"Gail Goodrich",1
"565",1975,"Spencer Haywood",1
"566",1975,"Sam Lacey",1
"567",1975,"Bob Lanier",1
"568",1975,"Jim Price",1
"569",1975,"Charlie Scott",1
"570",1975,"Sidney Wicks",1
"571",1976,"Dave Bing",1
"572",1976,"Doug Collins",1
"573",1976,"Dave Cowens",1
"574",1976,"John Drew",1
"575",1976,"Walt Frazier",1
"576",1976,"John Havlicek",1
"577",1976,"Elvin Hayes",1
"578",1976,"Bob McAdoo",1
"579",1976,"George McGinnis",1
"580",1976,"Randy Smith",1
"581",1976,"Rudy Tomjanovich",1
"582",1976,"Jo Jo White",1
"583",1976,"Kareem Abdul-Jabbar",1
"584",1976,"Alvan Adams",1
"585",1976,"Tiny Archibald",1
"586",1976,"Rick Barry",1
"587",1976,"Fred Brown",1
"588",1976,"Bob Dandridge",1
"589",1976,"Curtis Rowe",1
"590",1976,"Phil Smith",1
"591",1976,"Norm Van Lier",1
"592",1976,"Scott Wedman",1
"593",1976,"Jamaal Wilkes",1
"594",1976,"Brian Winters",1
"595",1977,"Phil Chenier",1
"596",1977,"Doug Collins",1
"597",1977,"Dave Cowens",1
"598",1977,"Julius Erving",1
"599",1977,"George Gervin",1
"600",1977,"John Havlicek",1
"601",1977,"Elvin Hayes",1
"602",1977,"Pete Maravich",1
"603",1977,"Bob McAdoo",1
"604",1977,"George McGinnis",1
"605",1977,"Earl Monroe",1
"606",1977,"Rudy Tomjanovich",1
"607",1977,"Jo Jo White",1
"608",1977,"Kareem Abdul-Jabbar",1
"609",1977,"Rick Barry",1
"610",1977,"Don Buse",1
"611",1977,"Dan Issel",1
"612",1977,"Bobby Jones",1
"613",1977,"Billy Knight",1
"614",1977,"Bob Lanier",1
"615",1977,"Maurice Lucas",1
"616",1977,"Phil Smith",1
"617",1977,"David Thompson",1
"618",1977,"Norm Van Lier",1
"619",1977,"Bill Walton",1
"620",1977,"Paul Westphal",1
"621",1978,"Doug Collins",1
"622",1978,"Dave Cowens",1
"623",1978,"Julius Erving",1
"624",1978,"George Gervin",1
"625",1978,"John Havlicek",1
"626",1978,"Elvin Hayes",1
"627",1978,"Larry Kenon",1
"628",1978,"Billy Knight",1
"629",1978,"Moses Malone",1
"630",1978,"Pete Maravich",1
"631",1978,"Bob McAdoo",1
"632",1978,"Truck Robinson",1
"633",1978,"Randy Smith",1
"634",1978,"Rick Barry",1
"635",1978,"Walter Davis",1
"636",1978,"Artis Gilmore",1
"637",1978,"Lionel Hollins",1
"638",1978,"Bobby Jones",1
"639",1978,"Bob Lanier",1
"640",1978,"Maurice Lucas",1
"641",1978,"David Thompson",1
"642",1978,"Bill Walton",1
"643",1978,"Paul Westphal",1
"644",1978,"Brian Winters",1
"645",1979,"Doug Collins",1
"646",1979,"Bob Dandridge",1
"647",1979,"Julius Erving",1
"648",1979,"George Gervin",1
"649",1979,"Elvin Hayes",1
"650",1979,"Larry Kenon",1
"651",1979,"Bob Lanier",1
"652",1979,"Moses Malone",1
"653",1979,"Pete Maravich",1
"654",1979,"Calvin Murphy",1
"655",1979,"Campy Russell",1
"656",1979,"Rudy Tomjanovich",1
"657",1979,"Kareem Abdul-Jabbar",1
"658",1979,"Otis Birdsong",1
"659",1979,"Walter Davis",1
"660",1979,"Artis Gilmore",1
"661",1979,"Dennis Johnson",1
"662",1979,"Marques Johnson",1
"663",1979,"Maurice Lucas",1
"664",1979,"George McGinnis",1
"665",1979,"Jack Sikma",1
"666",1979,"David Thompson",1
"667",1979,"Paul Westphal",1
"668",1980,"Tiny Archibald",1
"669",1980,"Larry Bird",1
"670",1980,"Bill Cartwright",1
"671",1980,"Dave Cowens",1
"672",1980,"John Drew",1
"673",1980,"Julius Erving",1
"674",1980,"George Gervin",1
"675",1980,"Elvin Hayes",1
"676",1980,"Eddie Johnson",1
"677",1980,"Moses Malone",1
"678",1980,"Micheal Ray Richardson",1
"679",1980,"Dan Roundfield",1
"680",1980,"Kareem Abdul-Jabbar",1
"681",1980,"Otis Birdsong",1
"682",1980,"Adrian Dantley",1
"683",1980,"Walter Davis",1
"684",1980,"World B. Free",1
"685",1980,"Dennis Johnson",1
"686",1980,"Marques Johnson",1
"687",1980,"Magic Johnson",1
"688",1980,"Jack Sikma",1
"689",1980,"Kermit Washington",1
"690",1980,"Scott Wedman",1
"691",1980,"Paul Westphal",1
"692",1981,"Tiny Archibald",1
"693",1981,"Larry Bird",1
"694",1981,"Julius Erving",1
"695",1981,"Artis Gilmore",1
"696",1981,"Eddie Johnson",1
"697",1981,"Marques Johnson",1
"698",1981,"Bobby Jones",1
"699",1981,"Mike Mitchell",1
"700",1981,"Robert Parish",1
"701",1981,"Micheal Ray Richardson",1
"702",1981,"Dan Roundfield",1
"703",1981,"Reggie Theus",1
"704",1981,"Kareem Abdul-Jabbar",1
"705",1981,"Otis Birdsong",1
"706",1981,"Adrian Dantley",1
"707",1981,"Walter Davis",1
"708",1981,"George Gervin",1
"709",1981,"Dennis Johnson",1
"710",1981,"Moses Malone",1
"711",1981,"Truck Robinson",1
"712",1981,"Jack Sikma",1
"713",1981,"Paul Westphal",1
"714",1981,"Jamaal Wilkes",1
"715",1982,"Tiny Archibald",1
"716",1982,"Larry Bird",1
"717",1982,"Julius Erving",1
"718",1982,"Artis Gilmore",1
"719",1982,"Bobby Jones",1
"720",1982,"Bob Lanier",1
"721",1982,"Sidney Moncrief",1
"722",1982,"Robert Parish",1
"723",1982,"Micheal Ray Richardson",1
"724",1982,"Dan Roundfield",1
"725",1982,"Isiah Thomas",1
"726",1982,"Kelly Tripucka",1
"727",1982,"Buck Williams",1
"728",1982,"Kareem Abdul-Jabbar",1
"729",1982,"Adrian Dantley",1
"730",1982,"Alex English",1
"731",1982,"George Gervin",1
"732",1982,"Dennis Johnson",1
"733",1982,"Magic Johnson",1
"734",1982,"Bernard King",1
"735",1982,"Moses Malone",1
"736",1982,"Norm Nixon",1
"737",1982,"Lonnie Shelton",1
"738",1982,"Jack Sikma",1
"739",1982,"Gus Williams",1
"740",1983,"Larry Bird",1
"741",1983,"Maurice Cheeks",1
"742",1983,"Julius Erving",1
"743",1983,"Marques Johnson",1
"744",1983,"Bill Laimbeer",1
"745",1983,"Moses Malone",1
"746",1983,"Sidney Moncrief",1
"747",1983,"Robert Parish",1
"748",1983,"Reggie Theus",1
"749",1983,"Isiah Thomas",1
"750",1983,"Andrew Toney",1
"751",1983,"Buck Williams",1
"752",1983,"Kareem Abdul-Jabbar",1
"753",1983,"Alex English",1
"754",1983,"George Gervin",1
"755",1983,"Artis Gilmore",1
"756",1983,"Magic Johnson",1
"757",1983,"Maurice Lucas",1
"758",1983,"Jim Paxson",1
"759",1983,"Jack Sikma",1
"760",1983,"David Thompson",1
"761",1983,"Kiki Vandeweghe",1
"762",1983,"Jamaal Wilkes",1
"763",1983,"Gus Williams",1
"764",1984,"Larry Bird",1
"765",1984,"Otis Birdsong",1
"766",1984,"Julius Erving",1
"767",1984,"Bernard King",1
"768",1984,"Bill Laimbeer",1
"769",1984,"Moses Malone",1
"770",1984,"Kevin McHale",1
"771",1984,"Sidney Moncrief",1
"772",1984,"Robert Parish",1
"773",1984,"Jeff Ruland",1
"774",1984,"Isiah Thomas",1
"775",1984,"Andrew Toney",1
"776",1984,"Kelly Tripucka",1
"777",1984,"Kareem Abdul-Jabbar",1
"778",1984,"Mark Aguirre",1
"779",1984,"Adrian Dantley",1
"780",1984,"Walter Davis",1
"781",1984,"Alex English",1
"782",1984,"George Gervin",1
"783",1984,"Rickey Green",1
"784",1984,"Magic Johnson",1
"785",1984,"Jim Paxson",1
"786",1984,"Ralph Sampson",1
"787",1984,"Jack Sikma",1
"788",1984,"Kiki Vandeweghe",1
"789",1985,"Larry Bird",1
"790",1985,"Terry Cummings",1
"791",1985,"Julius Erving",1
"792",1985,"Dennis Johnson",1
"793",1985,"Michael Jordan",1
"794",1985,"Bernard King",1
"795",1985,"Bill Laimbeer",1
"796",1985,"Moses Malone",1
"797",1985,"Sidney Moncrief",1
"798",1985,"Robert Parish",1
"799",1985,"Micheal Ray Richardson",1
"800",1985,"Jeff Ruland",1
"801",1985,"Isiah Thomas",1
"802",1985,"Kareem Abdul-Jabbar",1
"803",1985,"Rolando Blackman",1
"804",1985,"Adrian Dantley",1
"805",1985,"Alex English",1
"806",1985,"George Gervin",1
"807",1985,"Magic Johnson",1
"808",1985,"Larry Nance",1
"809",1985,"Calvin Natt",1
"810",1985,"Norm Nixon",1
"811",1985,"Hakeem Olajuwon",1
"812",1985,"Ralph Sampson",1
"813",1985,"Jack Sikma",1
"814",1986,"Larry Bird",1
"815",1986,"Maurice Cheeks",1
"816",1986,"Julius Erving",1
"817",1986,"Patrick Ewing",1
"818",1986,"Michael Jordan",1
"819",1986,"Jeff Malone",1
"820",1986,"Moses Malone",1
"821",1986,"Kevin McHale",1
"822",1986,"Sidney Moncrief",1
"823",1986,"Robert Parish",1
"824",1986,"Isiah Thomas",1
"825",1986,"Dominique Wilkins",1
"826",1986,"Buck Williams",1
"827",1986,"Kareem Abdul-Jabbar",1
"828",1986,"Rolando Blackman",1
"829",1986,"Adrian Dantley",1
"830",1986,"Clyde Drexler",1
"831",1986,"Alex English",1
"832",1986,"Artis Gilmore",1
"833",1986,"Marques Johnson",1
"834",1986,"Magic Johnson",1
"835",1986,"Hakeem Olajuwon",1
"836",1986,"Alvin Robertson",1
"837",1986,"Ralph Sampson",1
"838",1986,"James Worthy",1
"839",1987,"Charles Barkley",1
"840",1987,"Larry Bird",1
"841",1987,"Maurice Cheeks",1
"842",1987,"Julius Erving",1
"843",1987,"Michael Jordan",1
"844",1987,"Bill Laimbeer",1
"845",1987,"Jeff Malone",1
"846",1987,"Moses Malone",1
"847",1987,"Kevin McHale",1
"848",1987,"Robert Parish",1
"849",1987,"Isiah Thomas",1
"850",1987,"Dominique Wilkins",1
"851",1987,"Kareem Abdul-Jabbar",1
"852",1987,"Mark Aguirre",1
"853",1987,"Rolando Blackman",1
"854",1987,"Joe Barry Carroll",1
"855",1987,"Tom Chambers",1
"856",1987,"Walter Davis",1
"857",1987,"Alex English",1
"858",1987,"Sleepy Floyd",1
"859",1987,"Magic Johnson",1
"860",1987,"Hakeem Olajuwon",1
"861",1987,"Alvin Robertson",1
"862",1987,"Ralph Sampson",1
"863",1987,"James Worthy",1
"864",1988,"Danny Ainge",1
"865",1988,"Charles Barkley",1
"866",1988,"Larry Bird",1
"867",1988,"Maurice Cheeks",1
"868",1988,"Brad Daugherty",1
"869",1988,"Patrick Ewing",1
"870",1988,"Michael Jordan",1
"871",1988,"Moses Malone",1
"872",1988,"Kevin McHale",1
"873",1988,"Doc Rivers",1
"874",1988,"Isiah Thomas",1
"875",1988,"Dominique Wilkins",1
"876",1988,"Kareem Abdul-Jabbar",1
"877",1988,"Mark Aguirre",1
"878",1988,"James Donaldson",1
"879",1988,"Clyde Drexler",1
"880",1988,"Alex English",1
"881",1988,"Magic Johnson",1
"882",1988,"Steve Johnson",1
"883",1988,"Fat Lever",1
"884",1988,"Karl Malone",1
"885",1988,"Xavier McDaniel",1
"886",1988,"Hakeem Olajuwon",1
"887",1988,"Alvin Robertson",1
"888",1988,"James Worthy",1
"889",1989,"Charles Barkley",1
"890",1989,"Terry Cummings",1
"891",1989,"Brad Daugherty",1
"892",1989,"Patrick Ewing",1
"893",1989,"Mark Jackson",1
"894",1989,"Michael Jordan",1
"895",1989,"Moses Malone",1
"896",1989,"Kevin McHale",1
"897",1989,"Larry Nance",1
"898",1989,"Mark Price",1
"899",1989,"Isiah Thomas",1
"900",1989,"Dominique Wilkins",1
"901",1989,"Kareem Abdul-Jabbar",1
"902",1989,"Tom Chambers",1
"903",1989,"Clyde Drexler",1
"904",1989,"Kevin Duckworth",1
"905",1989,"Mark Eaton",1
"906",1989,"Dale Ellis",1
"907",1989,"Alex English",1
"908",1989,"Magic Johnson",1
"909",1989,"Karl Malone",1
"910",1989,"Chris Mullin",1
"911",1989,"Hakeem Olajuwon",1
"912",1989,"John Stockton",1
"913",1989,"James Worthy",1
"914",1990,"Charles Barkley",1
"915",1990,"Larry Bird",1
"916",1990,"Joe Dumars",1
"917",1990,"Patrick Ewing",1
"918",1990,"Michael Jordan",1
"919",1990,"Kevin McHale",1
"920",1990,"Reggie Miller",1
"921",1990,"Robert Parish",1
"922",1990,"Scottie Pippen",1
"923",1990,"Dennis Rodman",1
"924",1990,"Isiah Thomas",1
"925",1990,"Dominique Wilkins",1
"926",1990,"Rolando Blackman",1
"927",1990,"Tom Chambers",1
"928",1990,"Clyde Drexler",1
"929",1990,"A.C. Green",1
"930",1990,"Kevin Johnson",1
"931",1990,"Magic Johnson",1
"932",1990,"Fat Lever",1
"933",1990,"Karl Malone",1
"934",1990,"Chris Mullin",1
"935",1990,"Hakeem Olajuwon",1
"936",1990,"David Robinson",1
"937",1990,"John Stockton",1
"938",1990,"James Worthy",1
"939",1991,"Charles Barkley",1
"940",1991,"Larry Bird",1
"941",1991,"Brad Daugherty",1
"942",1991,"Joe Dumars",1
"943",1991,"Patrick Ewing",1
"944",1991,"Hersey Hawkins",1
"945",1991,"Michael Jordan",1
"946",1991,"Bernard King",1
"947",1991,"Kevin McHale",1
"948",1991,"Robert Parish",1
"949",1991,"Ricky Pierce",1
"950",1991,"Alvin Robertson",1
"951",1991,"Isiah Thomas",1
"952",1991,"Dominique Wilkins",1
"953",1991,"Tom Chambers",1
"954",1991,"Clyde Drexler",1
"955",1991,"Kevin Duckworth",1
"956",1991,"Tim Hardaway",1
"957",1991,"Kevin Johnson",1
"958",1991,"Magic Johnson",1
"959",1991,"Karl Malone",1
"960",1991,"Chris Mullin",1
"961",1991,"Terry Porter",1
"962",1991,"David Robinson",1
"963",1991,"John Stockton",1
"964",1991,"James Worthy",1
"965",1992,"Michael Adams",1
"966",1992,"Charles Barkley",1
"967",1992,"Larry Bird",1
"968",1992,"Brad Daugherty",1
"969",1992,"Joe Dumars",1
"970",1992,"Patrick Ewing",1
"971",1992,"Michael Jordan",1
"972",1992,"Reggie Lewis",1
"973",1992,"Scottie Pippen",1
"974",1992,"Mark Price",1
"975",1992,"Dennis Rodman",1
"976",1992,"Isiah Thomas",1
"977",1992,"Dominique Wilkins",1
"978",1992,"Kevin Willis",1
"979",1992,"Clyde Drexler",1
"980",1992,"Tim Hardaway",1
"981",1992,"Jeff Hornacek",1
"982",1992,"Magic Johnson",1
"983",1992,"Dan Majerle",1
"984",1992,"Karl Malone",1
"985",1992,"Chris Mullin",1
"986",1992,"Dikembe Mutombo",1
"987",1992,"Hakeem Olajuwon",1
"988",1992,"David Robinson",1
"989",1992,"John Stockton",1
"990",1992,"Otis Thorpe",1
"991",1992,"James Worthy",1
"992",1993,"Brad Daugherty",1
"993",1993,"Joe Dumars",1
"994",1993,"Patrick Ewing",1
"995",1993,"Larry Johnson (2)",1
"996",1993,"Michael Jordan",1
"997",1993,"Larry Nance",1
"998",1993,"Shaquille O'Neal",1
"999",1993,"Scottie Pippen",1
"1000",1993,"Mark Price",1
"1001",1993,"Detlef Schrempf",1
"1002",1993,"Isiah Thomas",1
"1003",1993,"Dominique Wilkins",1
"1004",1993,"Charles Barkley",1
"1005",1993,"Clyde Drexler",1
"1006",1993,"Sean Elliott",1
"1007",1993,"Tim Hardaway",1
"1008",1993,"Shawn Kemp",1
"1009",1993,"Dan Majerle",1
"1010",1993,"Karl Malone",1
"1011",1993,"Danny Manning",1
"1012",1993,"Chris Mullin",1
"1013",1993,"Hakeem Olajuwon",1
"1014",1993,"Terry Porter",1
"1015",1993,"Mitch Richmond",1
"1016",1993,"David Robinson",1
"1017",1993,"John Stockton",1
"1018",1994,"Kenny Anderson",1
"1019",1994,"B.J. Armstrong",1
"1020",1994,"Mookie Blaylock",1
"1021",1994,"Derrick Coleman",1
"1022",1994,"Patrick Ewing",1
"1023",1994,"Horace Grant",1
"1024",1994,"Alonzo Mourning",1
"1025",1994,"Charles Oakley",1
"1026",1994,"Shaquille O'Neal",1
"1027",1994,"Scottie Pippen",1
"1028",1994,"Mark Price",1
"1029",1994,"John Starks",1
"1030",1994,"Dominique Wilkins",1
"1031",1994,"Charles Barkley",1
"1032",1994,"Clyde Drexler",1
"1033",1994,"Kevin Johnson",1
"1034",1994,"Shawn Kemp",1
"1035",1994,"Karl Malone",1
"1036",1994,"Danny Manning",1
"1037",1994,"Hakeem Olajuwon",1
"1038",1994,"Gary Payton",1
"1039",1994,"Mitch Richmond",1
"1040",1994,"Clifford Robinson",1
"1041",1994,"David Robinson",1
"1042",1994,"Latrell Sprewell",1
"1043",1994,"John Stockton",1
"1044",1995,"Vin Baker",1
"1045",1995,"Dana Barros",1
"1046",1995,"Joe Dumars",1
"1047",1995,"Patrick Ewing",1
"1048",1995,"Anfernee Hardaway",1
"1049",1995,"Grant Hill",1
"1050",1995,"Tyrone Hill",1
"1051",1995,"Larry Johnson (2)",1
"1052",1995,"Reggie Miller",1
"1053",1995,"Alonzo Mourning",1
"1054",1995,"Shaquille O'Neal",1
"1055",1995,"Scottie Pippen",1
"1056",1995,"Charles Barkley",1
"1057",1995,"Cedric Ceballos",1
"1058",1995,"Shawn Kemp",1
"1059",1995,"Dan Majerle",1
"1060",1995,"Karl Malone",1
"1061",1995,"Dikembe Mutombo",1
"1062",1995,"Hakeem Olajuwon",1
"1063",1995,"Gary Payton",1
"1064",1995,"Mitch Richmond",1
"1065",1995,"David Robinson",1
"1066",1995,"Detlef Schrempf",1
"1067",1995,"Latrell Sprewell",1
"1068",1995,"John Stockton",1
"1069",1996,"Vin Baker",1
"1070",1996,"Terrell Brandon",1
"1071",1996,"Patrick Ewing",1
"1072",1996,"Anfernee Hardaway",1
"1073",1996,"Grant Hill",1
"1074",1996,"Juwan Howard",1
"1075",1996,"Michael Jordan",1
"1076",1996,"Reggie Miller",1
"1077",1996,"Alonzo Mourning",1
"1078",1996,"Shaquille O'Neal",1
"1079",1996,"Scottie Pippen",1
"1080",1996,"Glen Rice",1
"1081",1996,"Charles Barkley",1
"1082",1996,"Clyde Drexler",1
"1083",1996,"Sean Elliott",1
"1084",1996,"Shawn Kemp",1
"1085",1996,"Jason Kidd",1
"1086",1996,"Karl Malone",1
"1087",1996,"Dikembe Mutombo",1
"1088",1996,"Hakeem Olajuwon",1
"1089",1996,"Gary Payton",1
"1090",1996,"Mitch Richmond",1
"1091",1996,"David Robinson",1
"1092",1996,"John Stockton",1
"1093",1997,"Vin Baker",1
"1094",1997,"Terrell Brandon",1
"1095",1997,"Joe Dumars",1
"1096",1997,"Patrick Ewing",1
"1097",1997,"Anfernee Hardaway",1
"1098",1997,"Tim Hardaway",1
"1099",1997,"Grant Hill",1
"1100",1997,"Michael Jordan",1
"1101",1997,"Christian Laettner",1
"1102",1997,"Alonzo Mourning",1
"1103",1997,"Dikembe Mutombo",1
"1104",1997,"Scottie Pippen",1
"1105",1997,"Glen Rice",1
"1106",1997,"Chris Webber",1
"1107",1997,"Charles Barkley",1
"1108",1997,"Clyde Drexler",1
"1109",1997,"Kevin Garnett",1
"1110",1997,"Chris Gatling",1
"1111",1997,"Tom Gugliotta",1
"1112",1997,"Eddie Jones",1
"1113",1997,"Shawn Kemp",1
"1114",1997,"Karl Malone",1
"1115",1997,"Hakeem Olajuwon",1
"1116",1997,"Shaquille O'Neal",1
"1117",1997,"Gary Payton",1
"1118",1997,"Mitch Richmond",1
"1119",1997,"Detlef Schrempf",1
"1120",1997,"Latrell Sprewell",1
"1121",1997,"John Stockton",1
"1122",1998,"Anfernee Hardaway",1
"1123",1998,"Tim Hardaway",1
"1124",1998,"Grant Hill",1
"1125",1998,"Michael Jordan",1
"1126",1998,"Shawn Kemp",1
"1127",1998,"Reggie Miller",1
"1128",1998,"Dikembe Mutombo",1
"1129",1998,"Glen Rice",1
"1130",1998,"Steve Smith",1
"1131",1998,"Rik Smits",1
"1132",1998,"Antoine Walker",1
"1133",1998,"Jayson Williams",1
"1134",1998,"Vin Baker",1
"1135",1998,"Kobe Bryant",1
"1136",1998,"Tim Duncan",1
"1137",1998,"Kevin Garnett",1
"1138",1998,"Eddie Jones",1
"1139",1998,"Jason Kidd",1
"1140",1998,"Karl Malone",1
"1141",1998,"Shaquille O'Neal",1
"1142",1998,"Gary Payton",1
"1143",1998,"Mitch Richmond",1
"1144",1998,"David Robinson",1
"1145",1998,"Nick Van Exel",1
"1146",2000,"Ray Allen",1
"1147",2000,"Vince Carter",1
"1148",2000,"Dale Davis",1
"1149",2000,"Grant Hill",1
"1150",2000,"Allan Houston",1
"1151",2000,"Allen Iverson",1
"1152",2000,"Eddie Jones",1
"1153",2000,"Reggie Miller",1
"1154",2000,"Alonzo Mourning",1
"1155",2000,"Dikembe Mutombo",1
"1156",2000,"Glenn Robinson",1
"1157",2000,"Jerry Stackhouse",1
"1158",2000,"Kobe Bryant",1
"1159",2000,"Tim Duncan",1
"1160",2000,"Michael Finley",1
"1161",2000,"Kevin Garnett",1
"1162",2000,"Jason Kidd",1
"1163",2000,"Karl Malone",1
"1164",2000,"Shaquille O'Neal",1
"1165",2000,"Gary Payton",1
"1166",2000,"David Robinson",1
"1167",2000,"John Stockton",1
"1168",2000,"Rasheed Wallace",1
"1169",2000,"Chris Webber",1
"1170",2001,"Ray Allen",1
"1171",2001,"Vince Carter",1
"1172",2001,"Antonio Davis",1
"1173",2001,"Grant Hill",1
"1174",2001,"Allan Houston",1
"1175",2001,"Allen Iverson",1
"1176",2001,"Stephon Marbury",1
"1177",2001,"Anthony Mason",1
"1178",2001,"Tracy McGrady",1
"1179",2001,"Alonzo Mourning",1
"1180",2001,"Dikembe Mutombo",1
"1181",2001,"Theo Ratliff",1
"1182",2001,"Glenn Robinson",1
"1183",2001,"Latrell Sprewell",1
"1184",2001,"Jerry Stackhouse",1
"1185",2001,"Kobe Bryant",1
"1186",2001,"Vlade Divac",1
"1187",2001,"Tim Duncan",1
"1188",2001,"Michael Finley",1
"1189",2001,"Kevin Garnett",1
"1190",2001,"Jason Kidd",1
"1191",2001,"Karl Malone",1
"1192",2001,"Antonio McDyess",1
"1193",2001,"Shaquille O'Neal",1
"1194",2001,"Gary Payton",1
"1195",2001,"David Robinson",1
"1196",2001,"Rasheed Wallace",1
"1197",2001,"Chris Webber",1
"1198",2002,"Shareef Abdur-Rahim",1
"1199",2002,"Ray Allen",1
"1200",2002,"Vince Carter",1
"1201",2002,"Baron Davis",1
"1202",2002,"Allen Iverson",1
"1203",2002,"Michael Jordan",1
"1204",2002,"Jason Kidd",1
"1205",2002,"Tracy McGrady",1
"1206",2002,"Alonzo Mourning",1
"1207",2002,"Dikembe Mutombo",1
"1208",2002,"Jermaine O'Neal",1
"1209",2002,"Paul Pierce",1
"1210",2002,"Antoine Walker",1
"1211",2002,"Elton Brand",1
"1212",2002,"Kobe Bryant",1
"1213",2002,"Tim Duncan",1
"1214",2002,"Steve Francis",1
"1215",2002,"Kevin Garnett",1
"1216",2002,"Karl Malone",1
"1217",2002,"Steve Nash",1
"1218",2002,"Dirk Nowitzki",1
"1219",2002,"Shaquille O'Neal",1
"1220",2002,"Gary Payton",1
"1221",2002,"Peja Stojakovic",1
"1222",2002,"Wally Szczerbiak",1
"1223",2002,"Chris Webber",1
"1224",2003,"Vince Carter",1
"1225",2003,"Zydrunas Ilgauskas",1
"1226",2003,"Allen Iverson",1
"1227",2003,"Michael Jordan",1
"1228",2003,"Jason Kidd",1
"1229",2003,"Jamal Mashburn",1
"1230",2003,"Tracy McGrady",1
"1231",2003,"Brad Miller",1
"1232",2003,"Jermaine O'Neal",1
"1233",2003,"Paul Pierce",1
"1234",2003,"Antoine Walker",1
"1235",2003,"Ben Wallace",1
"1236",2003,"Kobe Bryant",1
"1237",2003,"Tim Duncan",1
"1238",2003,"Steve Francis",1
"1239",2003,"Kevin Garnett",1
"1240",2003,"Stephon Marbury",1
"1241",2003,"Shawn Marion",1
"1242",2003,"Yao Ming",1
"1243",2003,"Steve Nash",1
"1244",2003,"Dirk Nowitzki",1
"1245",2003,"Shaquille O'Neal",1
"1246",2003,"Gary Payton",1
"1247",2003,"Peja Stojakovic",1
"1248",2003,"Chris Webber",1
"1249",2004,"Metta World Peace",1
"1250",2004,"Vince Carter",1
"1251",2004,"Baron Davis",1
"1252",2004,"Allen Iverson",1
"1253",2004,"Jason Kidd",1
"1254",2004,"Jamaal Magloire",1
"1255",2004,"Kenyon Martin",1
"1256",2004,"Tracy McGrady",1
"1257",2004,"Jermaine O'Neal",1
"1258",2004,"Paul Pierce",1
"1259",2004,"Michael Redd",1
"1260",2004,"Ben Wallace",1
"1261",2004,"Ray Allen",1
"1262",2004,"Kobe Bryant",1
"1263",2004,"Sam Cassell",1
"1264",2004,"Tim Duncan",1
"1265",2004,"Steve Francis",1
"1266",2004,"Kevin Garnett",1
"1267",2004,"Andrei Kirilenko",1
"1268",2004,"Brad Miller",1
"1269",2004,"Yao Ming",1
"1270",2004,"Dirk Nowitzki",1
"1271",2004,"Shaquille O'Neal",1
"1272",2004,"Peja Stojakovic",1
"1273",2005,"Gilbert Arenas",1
"1274",2005,"Vince Carter",1
"1275",2005,"Grant Hill",1
"1276",2005,"Zydrunas Ilgauskas",1
"1277",2005,"Allen Iverson",1
"1278",2005,"LeBron James",1
"1279",2005,"Antawn Jamison",1
"1280",2005,"Jermaine O'Neal",1
"1281",2005,"Shaquille O'Neal",1
"1282",2005,"Paul Pierce",1
"1283",2005,"Dwyane Wade",1
"1284",2005,"Ben Wallace",1
"1285",2005,"Ray Allen",1
"1286",2005,"Kobe Bryant",1
"1287",2005,"Tim Duncan",1
"1288",2005,"Kevin Garnett",1
"1289",2005,"Manu Ginobili",1
"1290",2005,"Rashard Lewis",1
"1291",2005,"Shawn Marion",1
"1292",2005,"Tracy McGrady",1
"1293",2005,"Yao Ming",1
"1294",2005,"Steve Nash",1
"1295",2005,"Dirk Nowitzki",1
"1296",2005,"Amar'e Stoudemire",1
"1297",2006,"Gilbert Arenas",1
"1298",2006,"Chauncey Billups",1
"1299",2006,"Chris Bosh",1
"1300",2006,"Vince Carter",1
"1301",2006,"Richard Hamilton",1
"1302",2006,"Allen Iverson",1
"1303",2006,"LeBron James",1
"1304",2006,"Jermaine O'Neal",1
"1305",2006,"Shaquille O'Neal",1
"1306",2006,"Paul Pierce",1
"1307",2006,"Dwyane Wade",1
"1308",2006,"Ben Wallace",1
"1309",2006,"Rasheed Wallace",1
"1310",2006,"Ray Allen",1
"1311",2006,"Elton Brand",1
"1312",2006,"Kobe Bryant",1
"1313",2006,"Tim Duncan",1
"1314",2006,"Kevin Garnett",1
"1315",2006,"Pau Gasol",1
"1316",2006,"Shawn Marion",1
"1317",2006,"Tracy McGrady",1
"1318",2006,"Yao Ming",1
"1319",2006,"Steve Nash",1
"1320",2006,"Dirk Nowitzki",1
"1321",2006,"Tony Parker",1
"1322",2007,"Gilbert Arenas",1
"1323",2007,"Chauncey Billups",1
"1324",2007,"Chris Bosh",1
"1325",2007,"Caron Butler",1
"1326",2007,"Vince Carter",1
"1327",2007,"Richard Hamilton",1
"1328",2007,"Dwight Howard",1
"1329",2007,"LeBron James",1
"1330",2007,"Joe Johnson",1
"1331",2007,"Jason Kidd",1
"1332",2007,"Jermaine O'Neal",1
"1333",2007,"Shaquille O'Neal",1
"1334",2007,"Dwyane Wade",1
"1335",2007,"Ray Allen",1
"1336",2007,"Carmelo Anthony",1
"1337",2007,"Carlos Boozer",1
"1338",2007,"Kobe Bryant",1
"1339",2007,"Tim Duncan",1
"1340",2007,"Kevin Garnett",1
"1341",2007,"Josh Howard",1
"1342",2007,"Allen Iverson",1
"1343",2007,"Shawn Marion",1
"1344",2007,"Tracy McGrady",1
"1345",2007,"Yao Ming",1
"1346",2007,"Steve Nash",1
"1347",2007,"Dirk Nowitzki",1
"1348",2007,"Mehmet Okur",1
"1349",2007,"Tony Parker",1
"1350",2007,"Amar'e Stoudemire",1
"1351",2008,"Ray Allen",1
"1352",2008,"Chauncey Billups",1
"1353",2008,"Chris Bosh",1
"1354",2008,"Caron Butler",1
"1355",2008,"Kevin Garnett",1
"1356",2008,"Richard Hamilton",1
"1357",2008,"Dwight Howard",1
"1358",2008,"LeBron James",1
"1359",2008,"Antawn Jamison",1
"1360",2008,"Joe Johnson",1
"1361",2008,"Jason Kidd",1
"1362",2008,"Paul Pierce",1
"1363",2008,"Dwyane Wade",1
"1364",2008,"Rasheed Wallace",1
"1365",2008,"Carmelo Anthony",1
"1366",2008,"Carlos Boozer",1
"1367",2008,"Kobe Bryant",1
"1368",2008,"Tim Duncan",1
"1369",2008,"Allen Iverson",1
"1370",2008,"Yao Ming",1
"1371",2008,"Steve Nash",1
"1372",2008,"Dirk Nowitzki",1
"1373",2008,"Chris Paul",1
"1374",2008,"Brandon Roy",1
"1375",2008,"Amar'e Stoudemire",1
"1376",2008,"David West",1
"1377",2009,"Ray Allen",1
"1378",2009,"Chris Bosh",1
"1379",2009,"Kevin Garnett",1
"1380",2009,"Danny Granger",1
"1381",2009,"Devin Harris",1
"1382",2009,"Dwight Howard",1
"1383",2009,"Allen Iverson",1
"1384",2009,"LeBron James",1
"1385",2009,"Joe Johnson",1
"1386",2009,"Rashard Lewis",1
"1387",2009,"Jameer Nelson",1
"1388",2009,"Paul Pierce",1
"1389",2009,"Dwyane Wade",1
"1390",2009,"Mo Williams",1
"1391",2009,"Chauncey Billups",1
"1392",2009,"Kobe Bryant",1
"1393",2009,"Tim Duncan",1
"1394",2009,"Pau Gasol",1
"1395",2009,"Yao Ming",1
"1396",2009,"Dirk Nowitzki",1
"1397",2009,"Shaquille O'Neal",1
"1398",2009,"Tony Parker",1
"1399",2009,"Chris Paul",1
"1400",2009,"Brandon Roy",1
"1401",2009,"Amar'e Stoudemire",1
"1402",2009,"David West",1
"1403",2010,"Chris Bosh",1
"1404",2010,"Kevin Garnett",1
"1405",2010,"Al Horford",1
"1406",2010,"Dwight Howard",1
"1407",2010,"Allen Iverson",1
"1408",2010,"LeBron James",1
"1409",2010,"Joe Johnson",1
"1410",2010,"David Lee",1
"1411",2010,"Paul Pierce",1
"1412",2010,"Rajon Rondo",1
"1413",2010,"Derrick Rose",1
"1414",2010,"Dwyane Wade",1
"1415",2010,"Gerald Wallace",1
"1416",2010,"Carmelo Anthony",1
"1417",2010,"Chauncey Billups",1
"1418",2010,"Kobe Bryant",1
"1419",2010,"Tim Duncan",1
"1420",2010,"Kevin Durant",1
"1421",2010,"Pau Gasol",1
"1422",2010,"Chris Kaman",1
"1423",2010,"Jason Kidd",1
"1424",2010,"Steve Nash",1
"1425",2010,"Dirk Nowitzki",1
"1426",2010,"Chris Paul",1
"1427",2010,"Zach Randolph",1
"1428",2010,"Brandon Roy",1
"1429",2010,"Amar'e Stoudemire",1
"1430",2010,"Deron Williams",1
"1431",2011,"Ray Allen",1
"1432",2011,"Chris Bosh",1
"1433",2011,"Kevin Garnett",1
"1434",2011,"Al Horford",1
"1435",2011,"Dwight Howard",1
"1436",2011,"LeBron James",1
"1437",2011,"Joe Johnson",1
"1438",2011,"Paul Pierce",1
"1439",2011,"Rajon Rondo",1
"1440",2011,"Derrick Rose",1
"1441",2011,"Amar'e Stoudemire",1
"1442",2011,"Dwyane Wade",1
"1443",2011,"Carmelo Anthony",1
"1444",2011,"Kobe Bryant",1
"1445",2011,"Tim Duncan",1
"1446",2011,"Kevin Durant",1
"1447",2011,"Pau Gasol",1
"1448",2011,"Manu Ginobili",1
"1449",2011,"Blake Griffin",1
"1450",2011,"Kevin Love",1
"1451",2011,"Yao Ming",1
"1452",2011,"Dirk Nowitzki",1
"1453",2011,"Chris Paul",1
"1454",2011,"Russell Westbrook",1
"1455",2011,"Deron Williams",1
"1456",2012,"Carmelo Anthony",1
"1457",2012,"Chris Bosh",1
"1458",2012,"Luol Deng",1
"1459",2012,"Roy Hibbert",1
"1460",2012,"Dwight Howard",1
"1461",2012,"Andre Iguodala",1
"1462",2012,"LeBron James",1
"1463",2012,"Joe Johnson",1
"1464",2012,"Paul Pierce",1
"1465",2012,"Rajon Rondo",1
"1466",2012,"Derrick Rose",1
"1467",2012,"Dwyane Wade",1
"1468",2012,"Deron Williams",1
"1469",2012,"LaMarcus Aldridge",1
"1470",2012,"Kobe Bryant",1
"1471",2012,"Andrew Bynum",1
"1472",2012,"Kevin Durant",1
"1473",2012,"Marc Gasol",1
"1474",2012,"Blake Griffin",1
"1475",2012,"Kevin Love",1
"1476",2012,"Steve Nash",1
"1477",2012,"Dirk Nowitzki",1
"1478",2012,"Tony Parker",1
"1479",2012,"Chris Paul",1
"1480",2012,"Russell Westbrook",1
"1481",2013,"Carmelo Anthony",1
"1482",2013,"Chris Bosh",1
"1483",2013,"Tyson Chandler",1
"1484",2013,"Luol Deng",1
"1485",2013,"Kevin Garnett",1
"1486",2013,"Paul George",1
"1487",2013,"Jrue Holiday",1
"1488",2013,"Kyrie Irving",1
"1489",2013,"LeBron James",1
"1490",2013,"Brook Lopez",1
"1491",2013,"Joakim Noah",1
"1492",2013,"Rajon Rondo",1
"1493",2013,"Dwyane Wade",1
"1494",2013,"LaMarcus Aldridge",1
"1495",2013,"Kobe Bryant",1
"1496",2013,"Tim Duncan",1
"1497",2013,"Kevin Durant",1
"1498",2013,"Blake Griffin",1
"1499",2013,"James Harden",1
"1500",2013,"Dwight Howard",1
"1501",2013,"David Lee",1
"1502",2013,"Tony Parker",1
"1503",2013,"Chris Paul",1
"1504",2013,"Zach Randolph",1
"1505",2013,"Russell Westbrook",1
"1506",2014,"Carmelo Anthony",1
"1507",2014,"Chris Bosh",1
"1508",2014,"DeMar DeRozan",1
"1509",2014,"Paul George",1
"1510",2014,"Roy Hibbert",1
"1511",2014,"Kyrie Irving",1
"1512",2014,"LeBron James",1
"1513",2014,"Joe Johnson",1
"1514",2014,"Paul Millsap",1
"1515",2014,"Joakim Noah",1
"1516",2014,"Dwyane Wade",1
"1517",2014,"John Wall",1
"1518",2014,"LaMarcus Aldridge",1
"1519",2014,"Kobe Bryant",1
"1520",2014,"Stephen Curry",1
"1521",2014,"Anthony Davis",1
"1522",2014,"Kevin Durant",1
"1523",2014,"Blake Griffin",1
"1524",2014,"James Harden",1
"1525",2014,"Dwight Howard",1
"1526",2014,"Damian Lillard",1
"1527",2014,"Kevin Love",1
"1528",2014,"Dirk Nowitzki",1
"1529",2014,"Tony Parker",1
"1530",2014,"Chris Paul",1
"1531",2015,"Carmelo Anthony",1
"1532",2015,"Chris Bosh",1
"1533",2015,"Jimmy Butler",1
"1534",2015,"Pau Gasol",1
"1535",2015,"Al Horford",1
"1536",2015,"Kyrie Irving",1
"1537",2015,"LeBron James",1
"1538",2015,"Kyle Korver",1
"1539",2015,"Kyle Lowry",1
"1540",2015,"Paul Millsap",1
"1541",2015,"Jeff Teague",1
"1542",2015,"Dwyane Wade",1
"1543",2015,"John Wall",1
"1544",2015,"LaMarcus Aldridge",1
"1545",2015,"Kobe Bryant",1
"1546",2015,"DeMarcus Cousins",1
"1547",2015,"Stephen Curry",1
"1548",2015,"Anthony Davis",1
"1549",2015,"Tim Duncan",1
"1550",2015,"Kevin Durant",1
"1551",2015,"Marc Gasol",1
"1552",2015,"Blake Griffin",1
"1553",2015,"James Harden",1
"1554",2015,"Damian Lillard",1
"1555",2015,"Dirk Nowitzki",1
"1556",2015,"Chris Paul",1
"1557",2015,"Klay Thompson",1
"1558",2015,"Russell Westbrook",1
"1559",2016,"Carmelo Anthony",1
"1560",2016,"Chris Bosh",1
"1561",2016,"Jimmy Butler",1
"1562",2016,"DeMar DeRozan",1
"1563",2016,"Andre Drummond",1
"1564",2016,"Pau Gasol",1
"1565",2016,"Paul George",1
"1566",2016,"Al Horford",1
"1567",2016,"LeBron James",1
"1568",2016,"Kyle Lowry",1
"1569",2016,"Paul Millsap",1
"1570",2016,"Isaiah Thomas",1
"1571",2016,"Dwyane Wade",1
"1572",2016,"John Wall",1
"1573",2016,"LaMarcus Aldridge",1
"1574",2016,"Kobe Bryant",1
"1575",2016,"DeMarcus Cousins",1
"1576",2016,"Stephen Curry",1
"1577",2016,"Anthony Davis",1
"1578",2016,"Kevin Durant",1
"1579",2016,"Draymond Green",1
"1580",2016,"James Harden",1
"1581",2016,"Kawhi Leonard",1
"1582",2016,"Chris Paul",1
"1583",2016,"Klay Thompson",1
"1584",2016,"Russell Westbrook",1
"1585",2017,"Giannis Antetokounmpo",1
"1586",2017,"Carmelo Anthony",1
"1587",2017,"Jimmy Butler",1
"1588",2017,"DeMar DeRozan",1
"1589",2017,"Paul George",1
"1590",2017,"Kyrie Irving",1
"1591",2017,"LeBron James",1
"1592",2017,"Kevin Love",1
"1593",2017,"Kyle Lowry",1
"1594",2017,"Paul Millsap",1
"1595",2017,"Isaiah Thomas",1
"1596",2017,"Kemba Walker",1
"1597",2017,"John Wall",1
"1598",2017,"DeMarcus Cousins",1
"1599",2017,"Stephen Curry",1
"1600",2017,"Anthony Davis",1
"1601",2017,"Kevin Durant",1
"1602",2017,"Marc Gasol",1
"1603",2017,"Draymond Green",1
"1604",2017,"James Harden",1
"1605",2017,"Gordon Hayward",1
"1606",2017,"DeAndre Jordan",1
"1607",2017,"Kawhi Leonard",1
"1608",2017,"Klay Thompson",1
"1609",2017,"Russell Westbrook",1
"1610",2018,"LaMarcus Aldridge",1
"1611",2018,"Bradley Beal",1
"1612",2018,"DeMarcus Cousins",1
"1613",2018,"Anthony Davis",1
"1614",2018,"Goran Dragic",1
"1615",2018,"Andre Drummond",1
"1616",2018,"Kevin Durant",1
"1617",2018,"Paul George",1
"1618",2018,"Kyrie Irving",1
"1619",2018,"LeBron James",1
"1620",2018,"Kevin Love",1
"1621",2018,"Victor Oladipo",1
"1622",2018,"Kristaps Porzingis",1
"1623",2018,"Kemba Walker",1
"1624",2018,"John Wall",1
"1625",2018,"Russell Westbrook",1
"1626",2018,"Giannis Antetokounmpo",1
"1627",2018,"Jimmy Butler",1
"1628",2018,"Stephen Curry",1
"1629",2018,"DeMar DeRozan",1
"1630",2018,"Joel Embiid",1
"1631",2018,"Draymond Green",1
"1632",2018,"James Harden",1
"1633",2018,"Al Horford",1
"1634",2018,"Damian Lillard",1
"1635",2018,"Kyle Lowry",1
"1636",2018,"Klay Thompson",1
"1637",2018,"Karl-Anthony Towns",1
"1638",2019,"Giannis Antetokounmpo",1
"1639",2019,"Stephen Curry",1
"1640",2019,"Joel Embiid",1
"1641",2019,"Paul George",1
"1642",2019,"Blake Griffin",1
"1643",2019,"Nikola Jokic",1
"1644",2019,"Kyle Lowry",1
"1645",2019,"Khris Middleton",1
"1646",2019,"Dirk Nowitzki",1
"1647",2019,"Victor Oladipo",1
"1648",2019,"D'Angelo Russell",1
"1649",2019,"Nikola Vucevic",1
"1650",2019,"Kemba Walker",1
"1651",2019,"Russell Westbrook",1
"1652",2019,"LaMarcus Aldridge",1
"1653",2019,"Bradley Beal",1
"1654",2019,"Anthony Davis",1
"1655",2019,"Kevin Durant",1
"1656",2019,"James Harden",1
"1657",2019,"Kyrie Irving",1
"1658",2019,"LeBron James",1
"1659",2019,"Kawhi Leonard",1
"1660",2019,"Damian Lillard",1
"1661",2019,"Ben Simmons",1
"1662",2019,"Klay Thompson",1
"1663",2019,"Karl-Anthony Towns",1
"1664",2019,"Dwyane Wade",1
"1665",2020,"Bam Adebayo",1
"1666",2020,"Giannis Antetokounmpo",1
"1667",2020,"Jimmy Butler",1
"1668",2020,"Joel Embiid",1
"1669",2020,"Rudy Gobert",1
"1670",2020,"Brandon Ingram",1
"1671",2020,"Kyle Lowry",1
"1672",2020,"Khris Middleton",1
"1673",2020,"Donovan Mitchell",1
"1674",2020,"Pascal Siakam",1
"1675",2020,"Kemba Walker",1
"1676",2020,"Trae Young",1
"1677",2020,"Devin Booker",1
"1678",2020,"Anthony Davis",1
"1679",2020,"Luka Doncic",1
"1680",2020,"James Harden",1
"1681",2020,"LeBron James",1
"1682",2020,"Nikola Jokic",1
"1683",2020,"Kawhi Leonard",1
"1684",2020,"Damian Lillard",1
"1685",2020,"Chris Paul",1
"1686",2020,"Domantas Sabonis",1
"1687",2020,"Ben Simmons",1
"1688",2020,"Jayson Tatum",1
"1689",2020,"Russell Westbrook",1
